"","Peptide","Biomarker","R.Squared","Slope"
"1","CHOYP_ACAA2.1.1.m.30666.ELGLNNDITNMNGGAIALGHPLAASGTR","Final Shell Height",-0.02708,7.472e-06
"2","CHOYP_ACAA2.1.1.m.30666.ELGLNNDITNMNGGAIALGHPLAASGTR","Tissue Mass",0.03869,0.002477
"3","CHOYP_ACAA2.1.1.m.30666.ELGLNNDITNMNGGAIALGHPLAASGTR","Shell Thickness",0.01616,0.0006868
"4","CHOYP_ACAA2.1.1.m.30666.ELGLNNDITNMNGGAIALGHPLAASGTR","Peak Load",0.1945,8.245e-06
"5","CHOYP_ACAA2.1.1.m.30666.ELGLNNDITNMNGGAIALGHPLAASGTR","Shell Strength",0.05794,4.95e-06
"6","CHOYP_ACAA2.1.1.m.30666.ELGLNNDITNMNGGAIALGHPLAASGTR","delta C",0.1083,0.0002548
"7","CHOYP_ACAA2.1.1.m.30666.ELGLNNDITNMNGGAIALGHPLAASGTR","Percent C",0.1135,0.000154
"8","CHOYP_ACAA2.1.1.m.30666.ELGLNNDITNMNGGAIALGHPLAASGTR","delta N",0.1207,-0.0004837
"9","CHOYP_ACAA2.1.1.m.30666.ELGLNNDITNMNGGAIALGHPLAASGTR","Percent N",-0.07077,-0.0001129
"10","CHOYP_ACAA2.1.1.m.30666.ELGLNNDITNMNGGAIALGHPLAASGTR","C to N Ratio",-0.005406,0.0002193
"11","CHOYP_ACAA2.1.1.m.30666.ITGHLAHELQR","Final Shell Height",-0.02674,1.172e-05
"12","CHOYP_ACAA2.1.1.m.30666.ITGHLAHELQR","Tissue Mass",-0.01911,-0.001414
"13","CHOYP_ACAA2.1.1.m.30666.ITGHLAHELQR","Shell Thickness",-0.005678,0.0008738
"14","CHOYP_ACAA2.1.1.m.30666.ITGHLAHELQR","Peak Load",0.02714,7.177e-06
"15","CHOYP_ACAA2.1.1.m.30666.ITGHLAHELQR","Shell Strength",-0.03873,-1.371e-06
"16","CHOYP_ACAA2.1.1.m.30666.ITGHLAHELQR","delta C",-0.07352,1e-04
"17","CHOYP_ACAA2.1.1.m.30666.ITGHLAHELQR","Percent C",-0.0854,5.245e-05
"18","CHOYP_ACAA2.1.1.m.30666.ITGHLAHELQR","delta N",-0.01432,-0.0002714
"19","CHOYP_ACAA2.1.1.m.30666.ITGHLAHELQR","Percent N",-0.1236,1.531e-05
"20","CHOYP_ACAA2.1.1.m.30666.ITGHLAHELQR","C to N Ratio",-0.1234,2.108e-05
"21","CHOYP_ACAA2.1.1.m.30666.QYNLTPLAR","Final Shell Height",0.06228,0.0004849
"22","CHOYP_ACAA2.1.1.m.30666.QYNLTPLAR","Tissue Mass",0.02117,0.02212
"23","CHOYP_ACAA2.1.1.m.30666.QYNLTPLAR","Shell Thickness",0.01362,0.007648
"24","CHOYP_ACAA2.1.1.m.30666.QYNLTPLAR","Peak Load",0.01187,4.471e-05
"25","CHOYP_ACAA2.1.1.m.30666.QYNLTPLAR","Shell Strength",-0.04055,-5.98e-06
"26","CHOYP_ACAA2.1.1.m.30666.QYNLTPLAR","delta C",0.09559,0.002356
"27","CHOYP_ACAA2.1.1.m.30666.QYNLTPLAR","Percent C",0.008529,0.001096
"28","CHOYP_ACAA2.1.1.m.30666.QYNLTPLAR","delta N",0.04111,-0.003782
"29","CHOYP_ACAA2.1.1.m.30666.QYNLTPLAR","Percent N",-0.06764,-0.001105
"30","CHOYP_ACAA2.1.1.m.30666.QYNLTPLAR","C to N Ratio",-0.02979,0.001861
"31","CHOYP_BRAFLDRAFT_119799.1.1.m.23765.VNSGELFGK","Final Shell Height",-0.02902,6.408e-05
"32","CHOYP_BRAFLDRAFT_119799.1.1.m.23765.VNSGELFGK","Tissue Mass",0.05619,-0.05813
"33","CHOYP_BRAFLDRAFT_119799.1.1.m.23765.VNSGELFGK","Shell Thickness",-0.04047,-0.002272
"34","CHOYP_BRAFLDRAFT_119799.1.1.m.23765.VNSGELFGK","Peak Load",-0.03618,2.887e-05
"35","CHOYP_BRAFLDRAFT_119799.1.1.m.23765.VNSGELFGK","Shell Strength",0.005803,-7.851e-05
"36","CHOYP_BRAFLDRAFT_119799.1.1.m.23765.VNSGELFGK","delta C",-0.1237,-0.0002996
"37","CHOYP_BRAFLDRAFT_119799.1.1.m.23765.VNSGELFGK","Percent C",-0.1084,-0.0006505
"38","CHOYP_BRAFLDRAFT_119799.1.1.m.23765.VNSGELFGK","delta N",-0.1247,-0.0002751
"39","CHOYP_BRAFLDRAFT_119799.1.1.m.23765.VNSGELFGK","Percent N",-0.00527,0.002687
"40","CHOYP_BRAFLDRAFT_119799.1.1.m.23765.VNSGELFGK","C to N Ratio",-0.02941,-0.00314
"41","CHOYP_BRAFLDRAFT_119799.1.1.m.23765.VPAVDLFEK","Final Shell Height",0.0007688,0.0008631
"42","CHOYP_BRAFLDRAFT_119799.1.1.m.23765.VPAVDLFEK","Tissue Mass",-0.02585,0.0182
"43","CHOYP_BRAFLDRAFT_119799.1.1.m.23765.VPAVDLFEK","Shell Thickness",-0.02613,-0.01253
"44","CHOYP_BRAFLDRAFT_119799.1.1.m.23765.VPAVDLFEK","Peak Load",-0.03262,-5.679e-05
"45","CHOYP_BRAFLDRAFT_119799.1.1.m.23765.VPAVDLFEK","Shell Strength",0.1166,-0.0002196
"46","CHOYP_BRAFLDRAFT_119799.1.1.m.23765.VPAVDLFEK","delta C",0.3511,0.008566
"47","CHOYP_BRAFLDRAFT_119799.1.1.m.23765.VPAVDLFEK","Percent C",-0.09133,0.001362
"48","CHOYP_BRAFLDRAFT_119799.1.1.m.23765.VPAVDLFEK","delta N",0.09273,-0.01072
"49","CHOYP_BRAFLDRAFT_119799.1.1.m.23765.VPAVDLFEK","Percent N",0.04516,-0.004709
"50","CHOYP_BRAFLDRAFT_119799.1.1.m.23765.VPAVDLFEK","C to N Ratio",0.04214,0.006103
"51","CHOYP_BRAFLDRAFT_122807.1.1.m.3729.DAIQDYIGSLNWGYR","Final Shell Height",-0.02919,-6.71e-06
"52","CHOYP_BRAFLDRAFT_122807.1.1.m.3729.DAIQDYIGSLNWGYR","Tissue Mass",0.04286,-0.007384
"53","CHOYP_BRAFLDRAFT_122807.1.1.m.3729.DAIQDYIGSLNWGYR","Shell Thickness",-0.009087,0.001559
"54","CHOYP_BRAFLDRAFT_122807.1.1.m.3729.DAIQDYIGSLNWGYR","Peak Load",-0.01338,8.631e-06
"55","CHOYP_BRAFLDRAFT_122807.1.1.m.3729.DAIQDYIGSLNWGYR","Shell Strength",-0.02501,-6.123e-06
"56","CHOYP_BRAFLDRAFT_122807.1.1.m.3729.DAIQDYIGSLNWGYR","delta C",-0.04787,0.0004135
"57","CHOYP_BRAFLDRAFT_122807.1.1.m.3729.DAIQDYIGSLNWGYR","Percent C",-0.1115,0.0001032
"58","CHOYP_BRAFLDRAFT_122807.1.1.m.3729.DAIQDYIGSLNWGYR","delta N",-0.09318,-0.0004914
"59","CHOYP_BRAFLDRAFT_122807.1.1.m.3729.DAIQDYIGSLNWGYR","Percent N",-0.1156,0.0001325
"60","CHOYP_BRAFLDRAFT_122807.1.1.m.3729.DAIQDYIGSLNWGYR","C to N Ratio",-0.124,-5.717e-05
"61","CHOYP_BRAFLDRAFT_122807.1.1.m.3729.IGDYMEVEGVK","Final Shell Height",-0.01042,7.337e-05
"62","CHOYP_BRAFLDRAFT_122807.1.1.m.3729.IGDYMEVEGVK","Tissue Mass",-0.02257,-0.002705
"63","CHOYP_BRAFLDRAFT_122807.1.1.m.3729.IGDYMEVEGVK","Shell Thickness",0.002597,0.002255
"64","CHOYP_BRAFLDRAFT_122807.1.1.m.3729.IGDYMEVEGVK","Peak Load",0.04063,1.826e-05
"65","CHOYP_BRAFLDRAFT_122807.1.1.m.3729.IGDYMEVEGVK","Shell Strength",-0.03966,-2.637e-06
"66","CHOYP_BRAFLDRAFT_122807.1.1.m.3729.IGDYMEVEGVK","delta C",-0.04885,0.0005147
"67","CHOYP_BRAFLDRAFT_122807.1.1.m.3729.IGDYMEVEGVK","Percent C",-0.09413,0.0001959
"68","CHOYP_BRAFLDRAFT_122807.1.1.m.3729.IGDYMEVEGVK","delta N",-0.05515,-0.000912
"69","CHOYP_BRAFLDRAFT_122807.1.1.m.3729.IGDYMEVEGVK","Percent N",-0.1245,3.837e-05
"70","CHOYP_BRAFLDRAFT_122807.1.1.m.3729.IGDYMEVEGVK","C to N Ratio",-0.1229,0.0001026
"71","CHOYP_BRAFLDRAFT_122807.1.1.m.3729.VIGLHVLGPNAGEITQGYAVAMR","Final Shell Height",-0.02937,3.294e-06
"72","CHOYP_BRAFLDRAFT_122807.1.1.m.3729.VIGLHVLGPNAGEITQGYAVAMR","Tissue Mass",-0.01411,-0.003915
"73","CHOYP_BRAFLDRAFT_122807.1.1.m.3729.VIGLHVLGPNAGEITQGYAVAMR","Shell Thickness",0.0123,0.002264
"74","CHOYP_BRAFLDRAFT_122807.1.1.m.3729.VIGLHVLGPNAGEITQGYAVAMR","Peak Load",0.03687,1.623e-05
"75","CHOYP_BRAFLDRAFT_122807.1.1.m.3729.VIGLHVLGPNAGEITQGYAVAMR","Shell Strength",-0.03828,3.116e-06
"76","CHOYP_BRAFLDRAFT_122807.1.1.m.3729.VIGLHVLGPNAGEITQGYAVAMR","delta C",-0.05803,0.0005062
"77","CHOYP_BRAFLDRAFT_122807.1.1.m.3729.VIGLHVLGPNAGEITQGYAVAMR","Percent C",-0.09663,0.000197
"78","CHOYP_BRAFLDRAFT_122807.1.1.m.3729.VIGLHVLGPNAGEITQGYAVAMR","delta N",-0.05167,-0.00098
"79","CHOYP_BRAFLDRAFT_122807.1.1.m.3729.VIGLHVLGPNAGEITQGYAVAMR","Percent N",-0.1214,0.0001072
"80","CHOYP_BRAFLDRAFT_122807.1.1.m.3729.VIGLHVLGPNAGEITQGYAVAMR","C to N Ratio",-0.1249,2.302e-05
"81","CHOYP_BRAFLDRAFT_275870.1.1.m.12895.GMPEMVSGEDK","Final Shell Height",-0.02911,-1.007e-05
"82","CHOYP_BRAFLDRAFT_275870.1.1.m.12895.GMPEMVSGEDK","Tissue Mass",0.03221,-0.008875
"83","CHOYP_BRAFLDRAFT_275870.1.1.m.12895.GMPEMVSGEDK","Shell Thickness",0.02262,0.003066
"84","CHOYP_BRAFLDRAFT_275870.1.1.m.12895.GMPEMVSGEDK","Peak Load",0.1006,2.71e-05
"85","CHOYP_BRAFLDRAFT_275870.1.1.m.12895.GMPEMVSGEDK","Shell Strength",-0.03708,4.495e-06
"86","CHOYP_BRAFLDRAFT_275870.1.1.m.12895.GMPEMVSGEDK","delta C",-0.004336,0.0006234
"87","CHOYP_BRAFLDRAFT_275870.1.1.m.12895.GMPEMVSGEDK","Percent C",-0.006575,0.0003692
"88","CHOYP_BRAFLDRAFT_275870.1.1.m.12895.GMPEMVSGEDK","delta N",-0.006357,-0.001144
"89","CHOYP_BRAFLDRAFT_275870.1.1.m.12895.GMPEMVSGEDK","Percent N",-0.1108,-0.0001969
"90","CHOYP_BRAFLDRAFT_275870.1.1.m.12895.GMPEMVSGEDK","C to N Ratio",-0.08518,0.0004306
"91","CHOYP_BRAFLDRAFT_275870.1.1.m.12895.TGFLQLDEK","Final Shell Height",-0.02702,4.396e-05
"92","CHOYP_BRAFLDRAFT_275870.1.1.m.12895.TGFLQLDEK","Tissue Mass",0.06237,-0.01674
"93","CHOYP_BRAFLDRAFT_275870.1.1.m.12895.TGFLQLDEK","Shell Thickness",-0.02714,0.00219
"94","CHOYP_BRAFLDRAFT_275870.1.1.m.12895.TGFLQLDEK","Peak Load",-0.03101,1.114e-05
"95","CHOYP_BRAFLDRAFT_275870.1.1.m.12895.TGFLQLDEK","Shell Strength",0.0103,-2.275e-05
"96","CHOYP_BRAFLDRAFT_275870.1.1.m.12895.TGFLQLDEK","delta C",-0.06586,0.0007074
"97","CHOYP_BRAFLDRAFT_275870.1.1.m.12895.TGFLQLDEK","Percent C",-0.1102,0.0002115
"98","CHOYP_BRAFLDRAFT_275870.1.1.m.12895.TGFLQLDEK","delta N",-0.1134,0.0005802
"99","CHOYP_BRAFLDRAFT_275870.1.1.m.12895.TGFLQLDEK","Percent N",-0.1103,0.000324
"100","CHOYP_BRAFLDRAFT_275870.1.1.m.12895.TGFLQLDEK","C to N Ratio",-0.1202,-0.0002414
"101","CHOYP_CAH2.1.1.m.42306.IQEAGSSVK","Final Shell Height",0.06507,0.001393
"102","CHOYP_CAH2.1.1.m.42306.IQEAGSSVK","Tissue Mass",0.03882,0.0727
"103","CHOYP_CAH2.1.1.m.42306.IQEAGSSVK","Shell Thickness",-0.005004,0.01657
"104","CHOYP_CAH2.1.1.m.42306.IQEAGSSVK","Peak Load",-0.04111,-1.213e-05
"105","CHOYP_CAH2.1.1.m.42306.IQEAGSSVK","Shell Strength",-0.03279,-4.478e-05
"106","CHOYP_CAH2.1.1.m.42306.IQEAGSSVK","delta C",0.345,0.01148
"107","CHOYP_CAH2.1.1.m.42306.IQEAGSSVK","Percent C",0.0333,0.003985
"108","CHOYP_CAH2.1.1.m.42306.IQEAGSSVK","delta N",0.04869,-0.01292
"109","CHOYP_CAH2.1.1.m.42306.IQEAGSSVK","Percent N",0.4703,-0.01188
"110","CHOYP_CAH2.1.1.m.42306.IQEAGSSVK","C to N Ratio",0.4447,0.01521
"111","CHOYP_CAH2.1.1.m.42306.NAEVSNTGSSIK","Final Shell Height",0.04281,0.00423
"112","CHOYP_CAH2.1.1.m.42306.NAEVSNTGSSIK","Tissue Mass",0.1339,0.3906
"113","CHOYP_CAH2.1.1.m.42306.NAEVSNTGSSIK","Shell Thickness",0.04207,0.09109
"114","CHOYP_CAH2.1.1.m.42306.NAEVSNTGSSIK","Peak Load",0.06669,0.0006155
"115","CHOYP_CAH2.1.1.m.42306.NAEVSNTGSSIK","Shell Strength",0.01421,0.0004086
"116","CHOYP_CAH2.1.1.m.42306.NAEVSNTGSSIK","delta C",0.468,0.03294
"117","CHOYP_CAH2.1.1.m.42306.NAEVSNTGSSIK","Percent C",0.09892,0.0121
"118","CHOYP_CAH2.1.1.m.42306.NAEVSNTGSSIK","delta N",0.3378,-0.05384
"119","CHOYP_CAH2.1.1.m.42306.NAEVSNTGSSIK","Percent N",0.6826,-0.03535
"120","CHOYP_CAH2.1.1.m.42306.NAEVSNTGSSIK","C to N Ratio",0.6474,0.04521
"121","CHOYP_CAH2.1.1.m.42306.QSPIDISTK","Final Shell Height",0.06243,0.003138
"122","CHOYP_CAH2.1.1.m.42306.QSPIDISTK","Tissue Mass",0.1942,0.3007
"123","CHOYP_CAH2.1.1.m.42306.QSPIDISTK","Shell Thickness",0.03474,0.05533
"124","CHOYP_CAH2.1.1.m.42306.QSPIDISTK","Peak Load",0.09969,0.0004471
"125","CHOYP_CAH2.1.1.m.42306.QSPIDISTK","Shell Strength",0.01766,0.0002677
"126","CHOYP_CAH2.1.1.m.42306.QSPIDISTK","delta C",0.5931,0.02263
"127","CHOYP_CAH2.1.1.m.42306.QSPIDISTK","Percent C",0.1999,0.009099
"128","CHOYP_CAH2.1.1.m.42306.QSPIDISTK","delta N",0.3777,-0.03503
"129","CHOYP_CAH2.1.1.m.42306.QSPIDISTK","Percent N",0.6555,-0.02169
"130","CHOYP_CAH2.1.1.m.42306.QSPIDISTK","C to N Ratio",0.6724,0.02867
"131","CHOYP_CATA.1.3.m.11120.IQIMTPEQAEK","Final Shell Height",-0.02641,0.0001807
"132","CHOYP_CATA.1.3.m.11120.IQIMTPEQAEK","Tissue Mass",-0.02144,-0.0181
"133","CHOYP_CATA.1.3.m.11120.IQIMTPEQAEK","Shell Thickness",-0.03951,0.003163
"134","CHOYP_CATA.1.3.m.11120.IQIMTPEQAEK","Peak Load",0.002178,8.471e-05
"135","CHOYP_CATA.1.3.m.11120.IQIMTPEQAEK","Shell Strength",-0.0241,-4.957e-05
"136","CHOYP_CATA.1.3.m.11120.IQIMTPEQAEK","delta C",-0.07685,0.001812
"137","CHOYP_CATA.1.3.m.11120.IQIMTPEQAEK","Percent C",0.04833,0.002055
"138","CHOYP_CATA.1.3.m.11120.IQIMTPEQAEK","delta N",-0.01388,-0.005093
"139","CHOYP_CATA.1.3.m.11120.IQIMTPEQAEK","Percent N",-0.1249,-5.885e-05
"140","CHOYP_CATA.1.3.m.11120.IQIMTPEQAEK","C to N Ratio",-0.1087,0.001267
"141","CHOYP_CATA.1.3.m.11120.LQAHLDSVSNVSK","Final Shell Height",-0.02413,-2.71e-05
"142","CHOYP_CATA.1.3.m.11120.LQAHLDSVSNVSK","Tissue Mass",0.04894,-0.006408
"143","CHOYP_CATA.1.3.m.11120.LQAHLDSVSNVSK","Shell Thickness",-0.03514,0.0006294
"144","CHOYP_CATA.1.3.m.11120.LQAHLDSVSNVSK","Peak Load",-0.03489,3.809e-06
"145","CHOYP_CATA.1.3.m.11120.LQAHLDSVSNVSK","Shell Strength",0.0332,-1.17e-05
"146","CHOYP_CATA.1.3.m.11120.LQAHLDSVSNVSK","delta C",-0.1194,-6.852e-05
"147","CHOYP_CATA.1.3.m.11120.LQAHLDSVSNVSK","Percent C",-0.1198,-3.949e-05
"148","CHOYP_CATA.1.3.m.11120.LQAHLDSVSNVSK","delta N",-0.1112,-0.0001995
"149","CHOYP_CATA.1.3.m.11120.LQAHLDSVSNVSK","Percent N",-0.08317,0.0001728
"150","CHOYP_CATA.1.3.m.11120.LQAHLDSVSNVSK","C to N Ratio",-0.1015,-0.0001694
"151","CHOYP_CATA.1.3.m.11120.LVENIGNHLINTQK","Final Shell Height",-0.02839,-8.755e-06
"152","CHOYP_CATA.1.3.m.11120.LVENIGNHLINTQK","Tissue Mass",-0.02165,-0.001483
"153","CHOYP_CATA.1.3.m.11120.LVENIGNHLINTQK","Shell Thickness",0.00977,0.001232
"154","CHOYP_CATA.1.3.m.11120.LVENIGNHLINTQK","Peak Load",0.07488,1.102e-05
"155","CHOYP_CATA.1.3.m.11120.LVENIGNHLINTQK","Shell Strength",-0.04152,-3.654e-07
"156","CHOYP_CATA.1.3.m.11120.LVENIGNHLINTQK","delta C",-0.1095,9.172e-05
"157","CHOYP_CATA.1.3.m.11120.LVENIGNHLINTQK","Percent C",-0.1243,-1.167e-05
"158","CHOYP_CATA.1.3.m.11120.LVENIGNHLINTQK","delta N",-0.06128,-0.0003442
"159","CHOYP_CATA.1.3.m.11120.LVENIGNHLINTQK","Percent N",-0.1197,4.94e-05
"160","CHOYP_CATA.1.3.m.11120.LVENIGNHLINTQK","C to N Ratio",-0.123,-4.001e-05
"161","CHOYP_CATA.3.3.m.21642.TDQGIQNLSAAEANR","Final Shell Height",-0.02927,2.623e-05
"162","CHOYP_CATA.3.3.m.21642.TDQGIQNLSAAEANR","Tissue Mass",-0.003497,-0.02153
"163","CHOYP_CATA.3.3.m.21642.TDQGIQNLSAAEANR","Shell Thickness",-0.01966,0.006568
"164","CHOYP_CATA.3.3.m.21642.TDQGIQNLSAAEANR","Peak Load",0.001445,5.46e-05
"165","CHOYP_CATA.3.3.m.21642.TDQGIQNLSAAEANR","Shell Strength",-0.02147,-3.455e-05
"166","CHOYP_CATA.3.3.m.21642.TDQGIQNLSAAEANR","delta C",-0.1245,0.0001145
"167","CHOYP_CATA.3.3.m.21642.TDQGIQNLSAAEANR","Percent C",-0.1244,7.314e-05
"168","CHOYP_CATA.3.3.m.21642.TDQGIQNLSAAEANR","delta N",-0.09274,-0.001692
"169","CHOYP_CATA.3.3.m.21642.TDQGIQNLSAAEANR","Percent N",-0.1003,0.000735
"170","CHOYP_CATA.3.3.m.21642.TDQGIQNLSAAEANR","C to N Ratio",-0.1155,-0.0005961
"171","CHOYP_G6PD.2.2.m.46923.SDELYEAWR","Final Shell Height",0.02377,0.0002272
"172","CHOYP_G6PD.2.2.m.46923.SDELYEAWR","Tissue Mass",-0.02848,0.001848
"173","CHOYP_G6PD.2.2.m.46923.SDELYEAWR","Shell Thickness",-0.02521,0.002488
"174","CHOYP_G6PD.2.2.m.46923.SDELYEAWR","Peak Load",-0.03606,8.627e-06
"175","CHOYP_G6PD.2.2.m.46923.SDELYEAWR","Shell Strength",0.00836,-2.382e-05
"176","CHOYP_G6PD.2.2.m.46923.SDELYEAWR","delta C",-0.07473,0.000875
"177","CHOYP_G6PD.2.2.m.46923.SDELYEAWR","Percent C",-0.1069,-0.0003142
"178","CHOYP_G6PD.2.2.m.46923.SDELYEAWR","delta N",-0.1123,0.0008128
"179","CHOYP_G6PD.2.2.m.46923.SDELYEAWR","Percent N",-0.09213,0.0006506
"180","CHOYP_G6PD.2.2.m.46923.SDELYEAWR","C to N Ratio",-0.09848,-0.0007643
"181","CHOYP_G6PD.2.2.m.46923.TYFIGYAR","Final Shell Height",-0.006522,0.0003485
"182","CHOYP_G6PD.2.2.m.46923.TYFIGYAR","Tissue Mass",-0.00828,-0.02057
"183","CHOYP_G6PD.2.2.m.46923.TYFIGYAR","Shell Thickness",-0.01528,0.00746
"184","CHOYP_G6PD.2.2.m.46923.TYFIGYAR","Peak Load",-0.03001,2.945e-05
"185","CHOYP_G6PD.2.2.m.46923.TYFIGYAR","Shell Strength",0.005531,-5.479e-05
"186","CHOYP_G6PD.2.2.m.46923.TYFIGYAR","delta C",-0.0967,0.001529
"187","CHOYP_G6PD.2.2.m.46923.TYFIGYAR","Percent C",-0.112,-0.0006193
"188","CHOYP_G6PD.2.2.m.46923.TYFIGYAR","delta N",-0.1072,0.002242
"189","CHOYP_G6PD.2.2.m.46923.TYFIGYAR","Percent N",-0.06367,0.002069
"190","CHOYP_G6PD.2.2.m.46923.TYFIGYAR","C to N Ratio",-0.07897,-0.002344
"191","CHOYP_HS12A.25.33.m.60352.APTTLLLEPDGK","Final Shell Height",0.004305,0.0003679
"192","CHOYP_HS12A.25.33.m.60352.APTTLLLEPDGK","Tissue Mass",0.06037,-0.03687
"193","CHOYP_HS12A.25.33.m.60352.APTTLLLEPDGK","Shell Thickness",-0.01121,-0.007017
"194","CHOYP_HS12A.25.33.m.60352.APTTLLLEPDGK","Peak Load",-0.02308,-3.257e-05
"195","CHOYP_HS12A.25.33.m.60352.APTTLLLEPDGK","Shell Strength",0.1611,-9.943e-05
"196","CHOYP_HS12A.25.33.m.60352.APTTLLLEPDGK","delta C",-0.1112,-0.0006425
"197","CHOYP_HS12A.25.33.m.60352.APTTLLLEPDGK","Percent C",-0.1241,-9.595e-05
"198","CHOYP_HS12A.25.33.m.60352.APTTLLLEPDGK","delta N",-0.1115,0.001176
"199","CHOYP_HS12A.25.33.m.60352.APTTLLLEPDGK","Percent N",0.03589,0.002016
"200","CHOYP_HS12A.25.33.m.60352.APTTLLLEPDGK","C to N Ratio",-0.01728,-0.002157
"201","CHOYP_HS12A.25.33.m.60352.GIAEAISSSK","Final Shell Height",-0.008822,0.0002614
"202","CHOYP_HS12A.25.33.m.60352.GIAEAISSSK","Tissue Mass",-0.006433,-0.01696
"203","CHOYP_HS12A.25.33.m.60352.GIAEAISSSK","Shell Thickness",-0.04122,0.0007969
"204","CHOYP_HS12A.25.33.m.60352.GIAEAISSSK","Peak Load",-0.03476,1.871e-05
"205","CHOYP_HS12A.25.33.m.60352.GIAEAISSSK","Shell Strength",0.03091,-5.604e-05
"206","CHOYP_HS12A.25.33.m.60352.GIAEAISSSK","delta C",-0.09483,-0.0013
"207","CHOYP_HS12A.25.33.m.60352.GIAEAISSSK","Percent C",0.007505,-0.001628
"208","CHOYP_HS12A.25.33.m.60352.GIAEAISSSK","delta N",-0.1219,0.0007721
"209","CHOYP_HS12A.25.33.m.60352.GIAEAISSSK","Percent N",-0.07367,0.001559
"210","CHOYP_HS12A.25.33.m.60352.GIAEAISSSK","C to N Ratio",-0.05012,-0.002462
"211","CHOYP_LOC100633041.1.1.m.35428.AVVEAANNFGR","Final Shell Height",-0.02788,0.0001614
"212","CHOYP_LOC100633041.1.1.m.35428.AVVEAANNFGR","Tissue Mass",-0.02256,-0.02097
"213","CHOYP_LOC100633041.1.1.m.35428.AVVEAANNFGR","Shell Thickness",-0.03796,0.004866
"214","CHOYP_LOC100633041.1.1.m.35428.AVVEAANNFGR","Peak Load",-0.02734,5.683e-05
"215","CHOYP_LOC100633041.1.1.m.35428.AVVEAANNFGR","Shell Strength",-0.02699,-5.319e-05
"216","CHOYP_LOC100633041.1.1.m.35428.AVVEAANNFGR","delta C",-0.06726,0.002637
"217","CHOYP_LOC100633041.1.1.m.35428.AVVEAANNFGR","Percent C",-0.1143,0.0006783
"218","CHOYP_LOC100633041.1.1.m.35428.AVVEAANNFGR","delta N",-0.1036,-0.002969
"219","CHOYP_LOC100633041.1.1.m.35428.AVVEAANNFGR","Percent N",-0.08702,0.001967
"220","CHOYP_LOC100633041.1.1.m.35428.AVVEAANNFGR","C to N Ratio",-0.1184,-0.001076
"221","CHOYP_LOC100633041.1.1.m.35428.SLTNVILGGYGTK","Final Shell Height",-0.0196,0.00011
"222","CHOYP_LOC100633041.1.1.m.35428.SLTNVILGGYGTK","Tissue Mass",-0.01077,-0.009309
"223","CHOYP_LOC100633041.1.1.m.35428.SLTNVILGGYGTK","Shell Thickness",-0.02557,0.002397
"224","CHOYP_LOC100633041.1.1.m.35428.SLTNVILGGYGTK","Peak Load",-0.03342,1.019e-05
"225","CHOYP_LOC100633041.1.1.m.35428.SLTNVILGGYGTK","Shell Strength",-0.02572,-1.31e-05
"226","CHOYP_LOC100633041.1.1.m.35428.SLTNVILGGYGTK","delta C",-0.04234,0.0008897
"227","CHOYP_LOC100633041.1.1.m.35428.SLTNVILGGYGTK","Percent C",-0.125,5.113e-06
"228","CHOYP_LOC100633041.1.1.m.35428.SLTNVILGGYGTK","delta N",-0.1203,-0.0003946
"229","CHOYP_LOC100633041.1.1.m.35428.SLTNVILGGYGTK","Percent N",-0.09409,0.0005003
"230","CHOYP_LOC100633041.1.1.m.35428.SLTNVILGGYGTK","C to N Ratio",-0.1126,-0.0004138
"231","CHOYP_LOC100883864.1.1.m.41791.DYYLSLAHTVR","Final Shell Height",-0.02347,5.759e-05
"232","CHOYP_LOC100883864.1.1.m.41791.DYYLSLAHTVR","Tissue Mass",-0.0165,-0.005212
"233","CHOYP_LOC100883864.1.1.m.41791.DYYLSLAHTVR","Shell Thickness",0.06822,0.004929
"234","CHOYP_LOC100883864.1.1.m.41791.DYYLSLAHTVR","Peak Load",0.07391,3.003e-05
"235","CHOYP_LOC100883864.1.1.m.41791.DYYLSLAHTVR","Shell Strength",-0.02205,1.144e-05
"236","CHOYP_LOC100883864.1.1.m.41791.DYYLSLAHTVR","delta C",-0.02705,0.0005951
"237","CHOYP_LOC100883864.1.1.m.41791.DYYLSLAHTVR","Percent C",-0.1162,-0.0001067
"238","CHOYP_LOC100883864.1.1.m.41791.DYYLSLAHTVR","delta N",-0.1089,-0.0004463
"239","CHOYP_LOC100883864.1.1.m.41791.DYYLSLAHTVR","Percent N",-0.1238,-6.179e-05
"240","CHOYP_LOC100883864.1.1.m.41791.DYYLSLAHTVR","C to N Ratio",-0.1247,3.858e-05
"241","CHOYP_LOC100883864.1.1.m.41791.IEDGWQVEEPDEWLR","Final Shell Height",0.002276,9.857e-05
"242","CHOYP_LOC100883864.1.1.m.41791.IEDGWQVEEPDEWLR","Tissue Mass",-0.02681,-0.001734
"243","CHOYP_LOC100883864.1.1.m.41791.IEDGWQVEEPDEWLR","Shell Thickness",0.08171,0.003813
"244","CHOYP_LOC100883864.1.1.m.41791.IEDGWQVEEPDEWLR","Peak Load",0.04575,1.907e-05
"245","CHOYP_LOC100883864.1.1.m.41791.IEDGWQVEEPDEWLR","Shell Strength",-0.03593,4.515e-06
"246","CHOYP_LOC100883864.1.1.m.41791.IEDGWQVEEPDEWLR","delta C",0.03644,0.0007777
"247","CHOYP_LOC100883864.1.1.m.41791.IEDGWQVEEPDEWLR","Percent C",-0.1056,0.0001614
"248","CHOYP_LOC100883864.1.1.m.41791.IEDGWQVEEPDEWLR","delta N",-0.1032,-0.0005292
"249","CHOYP_LOC100883864.1.1.m.41791.IEDGWQVEEPDEWLR","Percent N",-0.1228,-8.302e-05
"250","CHOYP_LOC100883864.1.1.m.41791.IEDGWQVEEPDEWLR","C to N Ratio",-0.1166,0.0002131
"251","CHOYP_LOC100883864.1.1.m.41791.VLYPNDNFFSGK","Final Shell Height",0.04999,0.0007231
"252","CHOYP_LOC100883864.1.1.m.41791.VLYPNDNFFSGK","Tissue Mass",-0.02558,-0.009761
"253","CHOYP_LOC100883864.1.1.m.41791.VLYPNDNFFSGK","Shell Thickness",0.015,0.01225
"254","CHOYP_LOC100883864.1.1.m.41791.VLYPNDNFFSGK","Peak Load",-0.03015,3.281e-05
"255","CHOYP_LOC100883864.1.1.m.41791.VLYPNDNFFSGK","Shell Strength",-0.03014,-3.034e-05
"256","CHOYP_LOC100883864.1.1.m.41791.VLYPNDNFFSGK","delta C",-0.05764,0.002357
"257","CHOYP_LOC100883864.1.1.m.41791.VLYPNDNFFSGK","Percent C",-0.1198,0.0003904
"258","CHOYP_LOC100883864.1.1.m.41791.VLYPNDNFFSGK","delta N",-0.1146,0.001712
"259","CHOYP_LOC100883864.1.1.m.41791.VLYPNDNFFSGK","Percent N",-0.115,0.0008357
"260","CHOYP_LOC100883864.1.1.m.41791.VLYPNDNFFSGK","C to N Ratio",-0.1228,-0.0005153
"261","CHOYP_MRP1.5.10.m.34368.DSTVLTIAHR","Final Shell Height",-0.02593,2.539e-05
"262","CHOYP_MRP1.5.10.m.34368.DSTVLTIAHR","Tissue Mass",0.02373,-0.006095
"263","CHOYP_MRP1.5.10.m.34368.DSTVLTIAHR","Shell Thickness",0.002572,0.00189
"264","CHOYP_MRP1.5.10.m.34368.DSTVLTIAHR","Peak Load",0.00502,1.153e-05
"265","CHOYP_MRP1.5.10.m.34368.DSTVLTIAHR","Shell Strength",-0.02566,-6.243e-06
"266","CHOYP_MRP1.5.10.m.34368.DSTVLTIAHR","delta C",-0.07305,0.0002554
"267","CHOYP_MRP1.5.10.m.34368.DSTVLTIAHR","Percent C",-0.02948,0.0002071
"268","CHOYP_MRP1.5.10.m.34368.DSTVLTIAHR","delta N",0.1012,-0.0009861
"269","CHOYP_MRP1.5.10.m.34368.DSTVLTIAHR","Percent N",-0.1049,-0.000146
"270","CHOYP_MRP1.5.10.m.34368.DSTVLTIAHR","C to N Ratio",-0.08507,0.0002693
"271","CHOYP_MRP1.5.10.m.34368.LYAWEPSFQDK","Final Shell Height",-0.02701,-1.045e-05
"272","CHOYP_MRP1.5.10.m.34368.LYAWEPSFQDK","Tissue Mass",0.03315,-0.003274
"273","CHOYP_MRP1.5.10.m.34368.LYAWEPSFQDK","Shell Thickness",0.03716,0.001158
"274","CHOYP_MRP1.5.10.m.34368.LYAWEPSFQDK","Peak Load",-0.009642,4.385e-06
"275","CHOYP_MRP1.5.10.m.34368.LYAWEPSFQDK","Shell Strength",-0.01495,-3.703e-06
"276","CHOYP_MRP1.5.10.m.34368.LYAWEPSFQDK","delta C",-0.007434,0.0002479
"277","CHOYP_MRP1.5.10.m.34368.LYAWEPSFQDK","Percent C",-0.02542,0.0001364
"278","CHOYP_MRP1.5.10.m.34368.LYAWEPSFQDK","delta N",0.1521,-0.0007043
"279","CHOYP_MRP1.5.10.m.34368.LYAWEPSFQDK","Percent N",-0.0542,-0.0001769
"280","CHOYP_MRP1.5.10.m.34368.LYAWEPSFQDK","C to N Ratio",-0.03427,0.0002619
"281","CHOYP_PDIA1.1.1.m.5297.GSQQVVDYNGER","Final Shell Height",-0.02587,0.000311
"282","CHOYP_PDIA1.1.1.m.5297.GSQQVVDYNGER","Tissue Mass",0.03625,0.08223
"283","CHOYP_PDIA1.1.1.m.5297.GSQQVVDYNGER","Shell Thickness",-0.03986,0.004328
"284","CHOYP_PDIA1.1.1.m.5297.GSQQVVDYNGER","Peak Load",-0.04167,-4.902e-08
"285","CHOYP_PDIA1.1.1.m.5297.GSQQVVDYNGER","Shell Strength",0.04913,0.0001683
"286","CHOYP_PDIA1.1.1.m.5297.GSQQVVDYNGER","delta C",-0.03992,0.006849
"287","CHOYP_PDIA1.1.1.m.5297.GSQQVVDYNGER","Percent C",-0.12,-0.0009954
"288","CHOYP_PDIA1.1.1.m.5297.GSQQVVDYNGER","delta N",-0.1223,-0.002253
"289","CHOYP_PDIA1.1.1.m.5297.GSQQVVDYNGER","Percent N",-0.09724,-0.003598
"290","CHOYP_PDIA1.1.1.m.5297.GSQQVVDYNGER","C to N Ratio",-0.1053,0.003966
"291","CHOYP_PDIA1.1.1.m.5297.LITLGEDMTK","Final Shell Height",-0.01028,0.0009856
"292","CHOYP_PDIA1.1.1.m.5297.LITLGEDMTK","Tissue Mass",-0.02319,0.0345
"293","CHOYP_PDIA1.1.1.m.5297.LITLGEDMTK","Shell Thickness",-0.003548,0.0257
"294","CHOYP_PDIA1.1.1.m.5297.LITLGEDMTK","Peak Load",-0.004554,0.0001507
"295","CHOYP_PDIA1.1.1.m.5297.LITLGEDMTK","Shell Strength",-0.0409,-2e-05
"296","CHOYP_PDIA1.1.1.m.5297.LITLGEDMTK","delta C",-0.002971,0.00897
"297","CHOYP_PDIA1.1.1.m.5297.LITLGEDMTK","Percent C",-0.08177,0.003192
"298","CHOYP_PDIA1.1.1.m.5297.LITLGEDMTK","delta N",-0.08048,-0.01002
"299","CHOYP_PDIA1.1.1.m.5297.LITLGEDMTK","Percent N",-0.1232,0.001003
"300","CHOYP_PDIA1.1.1.m.5297.LITLGEDMTK","C to N Ratio",-0.1233,0.001263
"301","CHOYP_PDIA1.1.1.m.5297.TSPEIVNWLR","Final Shell Height",-0.007971,0.001093
"302","CHOYP_PDIA1.1.1.m.5297.TSPEIVNWLR","Tissue Mass",-0.008765,0.06588
"303","CHOYP_PDIA1.1.1.m.5297.TSPEIVNWLR","Shell Thickness",-0.03999,0.004952
"304","CHOYP_PDIA1.1.1.m.5297.TSPEIVNWLR","Peak Load",-0.02654,-8.839e-05
"305","CHOYP_PDIA1.1.1.m.5297.TSPEIVNWLR","Shell Strength",-0.03059,-6.99e-05
"306","CHOYP_PDIA1.1.1.m.5297.TSPEIVNWLR","delta C",0.06417,0.01438
"307","CHOYP_PDIA1.1.1.m.5297.TSPEIVNWLR","Percent C",-0.1186,0.001583
"308","CHOYP_PDIA1.1.1.m.5297.TSPEIVNWLR","delta N",-0.117,-0.005473
"309","CHOYP_PDIA1.1.1.m.5297.TSPEIVNWLR","Percent N",-0.1244,-0.0007748
"310","CHOYP_PDIA1.1.1.m.5297.TSPEIVNWLR","C to N Ratio",-0.121,0.002511
"311","CHOYP_PDIA3.1.1.m.60223.AGEFSEEYGGPR","Final Shell Height",0.03322,0.0008257
"312","CHOYP_PDIA3.1.1.m.60223.AGEFSEEYGGPR","Tissue Mass",-0.001962,0.03357
"313","CHOYP_PDIA3.1.1.m.60223.AGEFSEEYGGPR","Shell Thickness",-0.0412,-0.00135
"314","CHOYP_PDIA3.1.1.m.60223.AGEFSEEYGGPR","Peak Load",-0.03493,-3.058e-05
"315","CHOYP_PDIA3.1.1.m.60223.AGEFSEEYGGPR","Shell Strength",0.0554,-0.0001073
"316","CHOYP_PDIA3.1.1.m.60223.AGEFSEEYGGPR","delta C",0.1727,0.006084
"317","CHOYP_PDIA3.1.1.m.60223.AGEFSEEYGGPR","Percent C",-0.09444,0.001165
"318","CHOYP_PDIA3.1.1.m.60223.AGEFSEEYGGPR","delta N",-0.06409,-0.005092
"319","CHOYP_PDIA3.1.1.m.60223.AGEFSEEYGGPR","Percent N",-0.09832,-0.001675
"320","CHOYP_PDIA3.1.1.m.60223.AGEFSEEYGGPR","C to N Ratio",-0.08181,0.002787
"321","CHOYP_PDIA3.1.1.m.60223.IFFAVSNSK","Final Shell Height",-0.01113,0.0006869
"322","CHOYP_PDIA3.1.1.m.60223.IFFAVSNSK","Tissue Mass",-0.008119,-0.04552
"323","CHOYP_PDIA3.1.1.m.60223.IFFAVSNSK","Shell Thickness",-0.04026,0.003668
"324","CHOYP_PDIA3.1.1.m.60223.IFFAVSNSK","Peak Load",-0.01861,-8.818e-05
"325","CHOYP_PDIA3.1.1.m.60223.IFFAVSNSK","Shell Strength",0.2125,-0.0002706
"326","CHOYP_PDIA3.1.1.m.60223.IFFAVSNSK","delta C",0.05059,0.006823
"327","CHOYP_PDIA3.1.1.m.60223.IFFAVSNSK","Percent C",-0.1182,0.0008034
"328","CHOYP_PDIA3.1.1.m.60223.IFFAVSNSK","delta N",-0.09729,-0.005015
"329","CHOYP_PDIA3.1.1.m.60223.IFFAVSNSK","Percent N",-0.123,-0.0006622
"330","CHOYP_PDIA3.1.1.m.60223.IFFAVSNSK","C to N Ratio",-0.1196,0.00144
"331","CHOYP_PDIA3.1.1.m.60223.VADAMSTDLK","Final Shell Height",-0.02289,0.0003017
"332","CHOYP_PDIA3.1.1.m.60223.VADAMSTDLK","Tissue Mass",-0.01993,-0.02235
"333","CHOYP_PDIA3.1.1.m.60223.VADAMSTDLK","Shell Thickness",-0.02946,0.008322
"334","CHOYP_PDIA3.1.1.m.60223.VADAMSTDLK","Peak Load",-0.009492,8.025e-05
"335","CHOYP_PDIA3.1.1.m.60223.VADAMSTDLK","Shell Strength",-0.01069,-7.279e-05
"336","CHOYP_PDIA3.1.1.m.60223.VADAMSTDLK","delta C",0.05741,0.004574
"337","CHOYP_PDIA3.1.1.m.60223.VADAMSTDLK","Percent C",-0.07183,0.001477
"338","CHOYP_PDIA3.1.1.m.60223.VADAMSTDLK","delta N",-0.005966,-0.006837
"339","CHOYP_PDIA3.1.1.m.60223.VADAMSTDLK","Percent N",-0.1068,-0.00133
"340","CHOYP_PDIA3.1.1.m.60223.VADAMSTDLK","C to N Ratio",-0.08543,0.002562
"341","CHOYP_PSA.1.1.m.27259.AGMISTVDVLK","Final Shell Height",-0.01989,0.0002051
"342","CHOYP_PSA.1.1.m.27259.AGMISTVDVLK","Tissue Mass",-0.02726,0.005983
"343","CHOYP_PSA.1.1.m.27259.AGMISTVDVLK","Shell Thickness",-0.01478,0.006263
"344","CHOYP_PSA.1.1.m.27259.AGMISTVDVLK","Peak Load",0.01961,5.616e-05
"345","CHOYP_PSA.1.1.m.27259.AGMISTVDVLK","Shell Strength",-0.03094,-2.172e-05
"346","CHOYP_PSA.1.1.m.27259.AGMISTVDVLK","delta C",0.0103,0.002299
"347","CHOYP_PSA.1.1.m.27259.AGMISTVDVLK","Percent C",-0.1137,0.0003973
"348","CHOYP_PSA.1.1.m.27259.AGMISTVDVLK","delta N",-0.008979,-0.003939
"349","CHOYP_PSA.1.1.m.27259.AGMISTVDVLK","Percent N",-0.1208,-0.0003709
"350","CHOYP_PSA.1.1.m.27259.AGMISTVDVLK","C to N Ratio",-0.1154,0.0007349
"351","CHOYP_PSA.1.1.m.27259.SENDLPEDSTWK","Final Shell Height",-0.01751,0.000101
"352","CHOYP_PSA.1.1.m.27259.SENDLPEDSTWK","Tissue Mass",-0.028,-0.002136
"353","CHOYP_PSA.1.1.m.27259.SENDLPEDSTWK","Shell Thickness",-0.02814,0.002127
"354","CHOYP_PSA.1.1.m.27259.SENDLPEDSTWK","Peak Load",-0.02087,1.566e-05
"355","CHOYP_PSA.1.1.m.27259.SENDLPEDSTWK","Shell Strength",0.00871,-2.253e-05
"356","CHOYP_PSA.1.1.m.27259.SENDLPEDSTWK","delta C",0.05744,0.00119
"357","CHOYP_PSA.1.1.m.27259.SENDLPEDSTWK","Percent C",-0.1134,0.0001793
"358","CHOYP_PSA.1.1.m.27259.SENDLPEDSTWK","delta N",0.02869,-0.002021
"359","CHOYP_PSA.1.1.m.27259.SENDLPEDSTWK","Percent N",-0.1127,-0.0002847
"360","CHOYP_PSA.1.1.m.27259.SENDLPEDSTWK","C to N Ratio",-0.1066,0.0004545
"361","CHOYP_PSA.1.1.m.27259.YFQIAYPLPK","Final Shell Height",-0.02412,8.582e-05
"362","CHOYP_PSA.1.1.m.27259.YFQIAYPLPK","Tissue Mass",-0.0149,-0.00873
"363","CHOYP_PSA.1.1.m.27259.YFQIAYPLPK","Shell Thickness",-0.01956,0.003224
"364","CHOYP_PSA.1.1.m.27259.YFQIAYPLPK","Peak Load",-0.00427,2.491e-05
"365","CHOYP_PSA.1.1.m.27259.YFQIAYPLPK","Shell Strength",-0.00794,-2.187e-05
"366","CHOYP_PSA.1.1.m.27259.YFQIAYPLPK","delta C",-0.07235,0.0008495
"367","CHOYP_PSA.1.1.m.27259.YFQIAYPLPK","Percent C",-0.1214,-0.0001332
"368","CHOYP_PSA.1.1.m.27259.YFQIAYPLPK","delta N",-0.0945,-0.001196
"369","CHOYP_PSA.1.1.m.27259.YFQIAYPLPK","Percent N",-0.1244,8.087e-05
"370","CHOYP_PSA.1.1.m.27259.YFQIAYPLPK","C to N Ratio",-0.1234,-0.0001764
