Protein Name,Peptide Sequence,Fragment Ion,Area,File Name,Replicate Name
,QYNLTPLAR,y6,236141,2017_November_15_oyster35_1.raw,oyster35_1
,QYNLTPLAR,y6,127614,2017_November_15_oyster131_1.raw,131_1
,QYNLTPLAR,y6,181960,2017_November_15_oyster131_2.raw,131_2
,QYNLTPLAR,y6,309277,2017_November_15_oyster35_2.raw,35_2
,QYNLTPLAR,y5,639348,2017_November_15_oyster35_1.raw,oyster35_1
,QYNLTPLAR,y5,469461,2017_November_15_oyster131_1.raw,131_1
,QYNLTPLAR,y5,452590,2017_November_15_oyster131_2.raw,131_2
,QYNLTPLAR,y5,843015,2017_November_15_oyster35_2.raw,35_2
,QYNLTPLAR,y4,1262255,2017_November_15_oyster35_1.raw,oyster35_1
,QYNLTPLAR,y4,927632,2017_November_15_oyster131_1.raw,131_1
,QYNLTPLAR,y4,909043,2017_November_15_oyster131_2.raw,131_2
,QYNLTPLAR,y4,1689645,2017_November_15_oyster35_2.raw,35_2
,ELGLNNDITNMNGGAIALGHPLAASGTR,y20,1206,2017_November_15_oyster35_1.raw,oyster35_1
,ELGLNNDITNMNGGAIALGHPLAASGTR,y20,641,2017_November_15_oyster131_1.raw,131_1
,ELGLNNDITNMNGGAIALGHPLAASGTR,y20,1029,2017_November_15_oyster131_2.raw,131_2
,ELGLNNDITNMNGGAIALGHPLAASGTR,y20,1858,2017_November_15_oyster35_2.raw,35_2
,ELGLNNDITNMNGGAIALGHPLAASGTR,y19,2609,2017_November_15_oyster35_1.raw,oyster35_1
,ELGLNNDITNMNGGAIALGHPLAASGTR,y19,646,2017_November_15_oyster131_1.raw,131_1
,ELGLNNDITNMNGGAIALGHPLAASGTR,y19,1814,2017_November_15_oyster131_2.raw,131_2
,ELGLNNDITNMNGGAIALGHPLAASGTR,y19,3211,2017_November_15_oyster35_2.raw,35_2
,ELGLNNDITNMNGGAIALGHPLAASGTR,y18,3737,2017_November_15_oyster35_1.raw,oyster35_1
,ELGLNNDITNMNGGAIALGHPLAASGTR,y18,902,2017_November_15_oyster131_1.raw,131_1
,ELGLNNDITNMNGGAIALGHPLAASGTR,y18,3485,2017_November_15_oyster131_2.raw,131_2
,ELGLNNDITNMNGGAIALGHPLAASGTR,y18,3521,2017_November_15_oyster35_2.raw,35_2
,ELGLNNDITNMNGGAIALGHPLAASGTR,y17,15921,2017_November_15_oyster35_1.raw,oyster35_1
,ELGLNNDITNMNGGAIALGHPLAASGTR,y17,5723,2017_November_15_oyster131_1.raw,131_1
,ELGLNNDITNMNGGAIALGHPLAASGTR,y17,12464,2017_November_15_oyster131_2.raw,131_2
,ELGLNNDITNMNGGAIALGHPLAASGTR,y17,15741,2017_November_15_oyster35_2.raw,35_2
,ELGLNNDITNMNGGAIALGHPLAASGTR,y16,24386,2017_November_15_oyster35_1.raw,oyster35_1
,ELGLNNDITNMNGGAIALGHPLAASGTR,y16,11334,2017_November_15_oyster131_1.raw,131_1
,ELGLNNDITNMNGGAIALGHPLAASGTR,y16,12032,2017_November_15_oyster131_2.raw,131_2
,ELGLNNDITNMNGGAIALGHPLAASGTR,y16,23742,2017_November_15_oyster35_2.raw,35_2
,ELGLNNDITNMNGGAIALGHPLAASGTR,y15,11715,2017_November_15_oyster35_1.raw,oyster35_1
,ELGLNNDITNMNGGAIALGHPLAASGTR,y15,3433,2017_November_15_oyster131_1.raw,131_1
,ELGLNNDITNMNGGAIALGHPLAASGTR,y15,8298,2017_November_15_oyster131_2.raw,131_2
,ELGLNNDITNMNGGAIALGHPLAASGTR,y15,8162,2017_November_15_oyster35_2.raw,35_2
,ELGLNNDITNMNGGAIALGHPLAASGTR,y14,11228,2017_November_15_oyster35_1.raw,oyster35_1
,ELGLNNDITNMNGGAIALGHPLAASGTR,y14,4079,2017_November_15_oyster131_1.raw,131_1
,ELGLNNDITNMNGGAIALGHPLAASGTR,y14,7674,2017_November_15_oyster131_2.raw,131_2
,ELGLNNDITNMNGGAIALGHPLAASGTR,y14,14674,2017_November_15_oyster35_2.raw,35_2
,ELGLNNDITNMNGGAIALGHPLAASGTR,y13,32419,2017_November_15_oyster35_1.raw,oyster35_1
,ELGLNNDITNMNGGAIALGHPLAASGTR,y13,16194,2017_November_15_oyster131_1.raw,131_1
,ELGLNNDITNMNGGAIALGHPLAASGTR,y13,25372,2017_November_15_oyster131_2.raw,131_2
,ELGLNNDITNMNGGAIALGHPLAASGTR,y13,34593,2017_November_15_oyster35_2.raw,35_2
,ELGLNNDITNMNGGAIALGHPLAASGTR,y12,89459,2017_November_15_oyster35_1.raw,oyster35_1
,ELGLNNDITNMNGGAIALGHPLAASGTR,y12,49900,2017_November_15_oyster131_1.raw,131_1
,ELGLNNDITNMNGGAIALGHPLAASGTR,y12,59842,2017_November_15_oyster131_2.raw,131_2
,ELGLNNDITNMNGGAIALGHPLAASGTR,y12,86542,2017_November_15_oyster35_2.raw,35_2
,ELGLNNDITNMNGGAIALGHPLAASGTR,y11,60149,2017_November_15_oyster35_1.raw,oyster35_1
,ELGLNNDITNMNGGAIALGHPLAASGTR,y11,26236,2017_November_15_oyster131_1.raw,131_1
,ELGLNNDITNMNGGAIALGHPLAASGTR,y11,39499,2017_November_15_oyster131_2.raw,131_2
,ELGLNNDITNMNGGAIALGHPLAASGTR,y11,59377,2017_November_15_oyster35_2.raw,35_2
,ELGLNNDITNMNGGAIALGHPLAASGTR,y10,113320,2017_November_15_oyster35_1.raw,oyster35_1
,ELGLNNDITNMNGGAIALGHPLAASGTR,y10,55898,2017_November_15_oyster131_1.raw,131_1
,ELGLNNDITNMNGGAIALGHPLAASGTR,y10,74818,2017_November_15_oyster131_2.raw,131_2
,ELGLNNDITNMNGGAIALGHPLAASGTR,y10,108276,2017_November_15_oyster35_2.raw,35_2
,ELGLNNDITNMNGGAIALGHPLAASGTR,y9,53063,2017_November_15_oyster35_1.raw,oyster35_1
,ELGLNNDITNMNGGAIALGHPLAASGTR,y9,28350,2017_November_15_oyster131_1.raw,131_1
,ELGLNNDITNMNGGAIALGHPLAASGTR,y9,35603,2017_November_15_oyster131_2.raw,131_2
,ELGLNNDITNMNGGAIALGHPLAASGTR,y9,51488,2017_November_15_oyster35_2.raw,35_2
,ELGLNNDITNMNGGAIALGHPLAASGTR,y8,228599,2017_November_15_oyster35_1.raw,oyster35_1
,ELGLNNDITNMNGGAIALGHPLAASGTR,y8,107813,2017_November_15_oyster131_1.raw,131_1
,ELGLNNDITNMNGGAIALGHPLAASGTR,y8,142195,2017_November_15_oyster131_2.raw,131_2
,ELGLNNDITNMNGGAIALGHPLAASGTR,y8,247335,2017_November_15_oyster35_2.raw,35_2
,ELGLNNDITNMNGGAIALGHPLAASGTR,y7,15880,2017_November_15_oyster35_1.raw,oyster35_1
,ELGLNNDITNMNGGAIALGHPLAASGTR,y7,11962,2017_November_15_oyster131_1.raw,131_1
,ELGLNNDITNMNGGAIALGHPLAASGTR,y7,15367,2017_November_15_oyster131_2.raw,131_2
,ELGLNNDITNMNGGAIALGHPLAASGTR,y7,18972,2017_November_15_oyster35_2.raw,35_2
,ELGLNNDITNMNGGAIALGHPLAASGTR,y6,38955,2017_November_15_oyster35_1.raw,oyster35_1
,ELGLNNDITNMNGGAIALGHPLAASGTR,y6,24113,2017_November_15_oyster131_1.raw,131_1
,ELGLNNDITNMNGGAIALGHPLAASGTR,y6,36934,2017_November_15_oyster131_2.raw,131_2
,ELGLNNDITNMNGGAIALGHPLAASGTR,y6,36740,2017_November_15_oyster35_2.raw,35_2
,ELGLNNDITNMNGGAIALGHPLAASGTR,y5,33972,2017_November_15_oyster35_1.raw,oyster35_1
,ELGLNNDITNMNGGAIALGHPLAASGTR,y5,21345,2017_November_15_oyster131_1.raw,131_1
,ELGLNNDITNMNGGAIALGHPLAASGTR,y5,20980,2017_November_15_oyster131_2.raw,131_2
,ELGLNNDITNMNGGAIALGHPLAASGTR,y5,37083,2017_November_15_oyster35_2.raw,35_2
,ELGLNNDITNMNGGAIALGHPLAASGTR,y4,33099,2017_November_15_oyster35_1.raw,oyster35_1
,ELGLNNDITNMNGGAIALGHPLAASGTR,y4,20751,2017_November_15_oyster131_1.raw,131_1
,ELGLNNDITNMNGGAIALGHPLAASGTR,y4,34917,2017_November_15_oyster131_2.raw,131_2
,ELGLNNDITNMNGGAIALGHPLAASGTR,y4,39864,2017_November_15_oyster35_2.raw,35_2
,ELGLNNDITNMNGGAIALGHPLAASGTR,y3,18681,2017_November_15_oyster35_1.raw,oyster35_1
,ELGLNNDITNMNGGAIALGHPLAASGTR,y3,13547,2017_November_15_oyster131_1.raw,131_1
,ELGLNNDITNMNGGAIALGHPLAASGTR,y3,31414,2017_November_15_oyster131_2.raw,131_2
,ELGLNNDITNMNGGAIALGHPLAASGTR,y3,24946,2017_November_15_oyster35_2.raw,35_2
,ELGLNNDITNMNGGAIALGHPLAASGTR,y2,15033,2017_November_15_oyster35_1.raw,oyster35_1
,ELGLNNDITNMNGGAIALGHPLAASGTR,y2,15177,2017_November_15_oyster131_1.raw,131_1
,ELGLNNDITNMNGGAIALGHPLAASGTR,y2,21143,2017_November_15_oyster131_2.raw,131_2
,ELGLNNDITNMNGGAIALGHPLAASGTR,y2,12765,2017_November_15_oyster35_2.raw,35_2
,ELGLNNDITNMNGGAIALGHPLAASGTR,y27,1328,2017_November_15_oyster35_1.raw,oyster35_1
,ELGLNNDITNMNGGAIALGHPLAASGTR,y27,1597,2017_November_15_oyster131_1.raw,131_1
,ELGLNNDITNMNGGAIALGHPLAASGTR,y27,1949,2017_November_15_oyster131_2.raw,131_2
,ELGLNNDITNMNGGAIALGHPLAASGTR,y27,209,2017_November_15_oyster35_2.raw,35_2
,ELGLNNDITNMNGGAIALGHPLAASGTR,y26,1307,2017_November_15_oyster35_1.raw,oyster35_1
,ELGLNNDITNMNGGAIALGHPLAASGTR,y26,189,2017_November_15_oyster131_1.raw,131_1
,ELGLNNDITNMNGGAIALGHPLAASGTR,y26,701,2017_November_15_oyster131_2.raw,131_2
,ELGLNNDITNMNGGAIALGHPLAASGTR,y26,1299,2017_November_15_oyster35_2.raw,35_2
,ELGLNNDITNMNGGAIALGHPLAASGTR,y25,5226,2017_November_15_oyster35_1.raw,oyster35_1
,ELGLNNDITNMNGGAIALGHPLAASGTR,y25,7052,2017_November_15_oyster131_1.raw,131_1
,ELGLNNDITNMNGGAIALGHPLAASGTR,y25,10582,2017_November_15_oyster131_2.raw,131_2
,ELGLNNDITNMNGGAIALGHPLAASGTR,y25,3061,2017_November_15_oyster35_2.raw,35_2
,ELGLNNDITNMNGGAIALGHPLAASGTR,y24,3292,2017_November_15_oyster35_1.raw,oyster35_1
,ELGLNNDITNMNGGAIALGHPLAASGTR,y24,0,2017_November_15_oyster131_1.raw,131_1
,ELGLNNDITNMNGGAIALGHPLAASGTR,y24,1980,2017_November_15_oyster131_2.raw,131_2
,ELGLNNDITNMNGGAIALGHPLAASGTR,y24,2042,2017_November_15_oyster35_2.raw,35_2
,ELGLNNDITNMNGGAIALGHPLAASGTR,y23,1258,2017_November_15_oyster35_1.raw,oyster35_1
,ELGLNNDITNMNGGAIALGHPLAASGTR,y23,1750,2017_November_15_oyster131_1.raw,131_1
,ELGLNNDITNMNGGAIALGHPLAASGTR,y23,2264,2017_November_15_oyster131_2.raw,131_2
,ELGLNNDITNMNGGAIALGHPLAASGTR,y23,2528,2017_November_15_oyster35_2.raw,35_2
,ELGLNNDITNMNGGAIALGHPLAASGTR,y22,2972,2017_November_15_oyster35_1.raw,oyster35_1
,ELGLNNDITNMNGGAIALGHPLAASGTR,y22,2171,2017_November_15_oyster131_1.raw,131_1
,ELGLNNDITNMNGGAIALGHPLAASGTR,y22,2887,2017_November_15_oyster131_2.raw,131_2
,ELGLNNDITNMNGGAIALGHPLAASGTR,y22,3580,2017_November_15_oyster35_2.raw,35_2
,ELGLNNDITNMNGGAIALGHPLAASGTR,y21,6783,2017_November_15_oyster35_1.raw,oyster35_1
,ELGLNNDITNMNGGAIALGHPLAASGTR,y21,3119,2017_November_15_oyster131_1.raw,131_1
,ELGLNNDITNMNGGAIALGHPLAASGTR,y21,3669,2017_November_15_oyster131_2.raw,131_2
,ELGLNNDITNMNGGAIALGHPLAASGTR,y21,4885,2017_November_15_oyster35_2.raw,35_2
,ITGHLAHELQR,y7,72980,2017_November_15_oyster35_1.raw,oyster35_1
,ITGHLAHELQR,y7,59294,2017_November_15_oyster131_1.raw,131_1
,ITGHLAHELQR,y7,64694,2017_November_15_oyster131_2.raw,131_2
,ITGHLAHELQR,y7,93865,2017_November_15_oyster35_2.raw,35_2
,ITGHLAHELQR,y6,125180,2017_November_15_oyster35_1.raw,oyster35_1
,ITGHLAHELQR,y6,116177,2017_November_15_oyster131_1.raw,131_1
,ITGHLAHELQR,y6,127744,2017_November_15_oyster131_2.raw,131_2
,ITGHLAHELQR,y6,152529,2017_November_15_oyster35_2.raw,35_2
,ITGHLAHELQR,y5,84700,2017_November_15_oyster35_1.raw,oyster35_1
,ITGHLAHELQR,y5,71015,2017_November_15_oyster131_1.raw,131_1
,ITGHLAHELQR,y5,82255,2017_November_15_oyster131_2.raw,131_2
,ITGHLAHELQR,y5,93491,2017_November_15_oyster35_2.raw,35_2
CHOYP_BRAFLDRAFT_119799.1.1|m.23765,VPAVDLFEK,y6,#N/A,2017_November_15_oyster35_1.raw,oyster35_1
CHOYP_BRAFLDRAFT_119799.1.1|m.23765,VPAVDLFEK,y6,1031544,2017_November_15_oyster131_1.raw,131_1
CHOYP_BRAFLDRAFT_119799.1.1|m.23765,VPAVDLFEK,y6,1227890,2017_November_15_oyster131_2.raw,131_2
CHOYP_BRAFLDRAFT_119799.1.1|m.23765,VPAVDLFEK,y6,#N/A,2017_November_15_oyster35_2.raw,35_2
CHOYP_BRAFLDRAFT_119799.1.1|m.23765,VPAVDLFEK,y5,#N/A,2017_November_15_oyster35_1.raw,oyster35_1
CHOYP_BRAFLDRAFT_119799.1.1|m.23765,VPAVDLFEK,y5,710818,2017_November_15_oyster131_1.raw,131_1
CHOYP_BRAFLDRAFT_119799.1.1|m.23765,VPAVDLFEK,y5,855869,2017_November_15_oyster131_2.raw,131_2
CHOYP_BRAFLDRAFT_119799.1.1|m.23765,VPAVDLFEK,y5,#N/A,2017_November_15_oyster35_2.raw,35_2
CHOYP_BRAFLDRAFT_119799.1.1|m.23765,VPAVDLFEK,y4,#N/A,2017_November_15_oyster35_1.raw,oyster35_1
CHOYP_BRAFLDRAFT_119799.1.1|m.23765,VPAVDLFEK,y4,431812,2017_November_15_oyster131_1.raw,131_1
CHOYP_BRAFLDRAFT_119799.1.1|m.23765,VPAVDLFEK,y4,532454,2017_November_15_oyster131_2.raw,131_2
CHOYP_BRAFLDRAFT_119799.1.1|m.23765,VPAVDLFEK,y4,#N/A,2017_November_15_oyster35_2.raw,35_2
CHOYP_BRAFLDRAFT_119799.1.1|m.23765,VNSGELFGK,y6,212720,2017_November_15_oyster35_1.raw,oyster35_1
CHOYP_BRAFLDRAFT_119799.1.1|m.23765,VNSGELFGK,y6,1119588,2017_November_15_oyster131_1.raw,131_1
CHOYP_BRAFLDRAFT_119799.1.1|m.23765,VNSGELFGK,y6,1327872,2017_November_15_oyster131_2.raw,131_2
CHOYP_BRAFLDRAFT_119799.1.1|m.23765,VNSGELFGK,y6,223092,2017_November_15_oyster35_2.raw,35_2
CHOYP_BRAFLDRAFT_119799.1.1|m.23765,VNSGELFGK,y5,82919,2017_November_15_oyster35_1.raw,oyster35_1
CHOYP_BRAFLDRAFT_119799.1.1|m.23765,VNSGELFGK,y5,371178,2017_November_15_oyster131_1.raw,131_1
CHOYP_BRAFLDRAFT_119799.1.1|m.23765,VNSGELFGK,y5,449348,2017_November_15_oyster131_2.raw,131_2
CHOYP_BRAFLDRAFT_119799.1.1|m.23765,VNSGELFGK,y5,76667,2017_November_15_oyster35_2.raw,35_2
CHOYP_BRAFLDRAFT_119799.1.1|m.23765,VNSGELFGK,y4,184353,2017_November_15_oyster35_1.raw,oyster35_1
CHOYP_BRAFLDRAFT_119799.1.1|m.23765,VNSGELFGK,y4,917896,2017_November_15_oyster131_1.raw,131_1
CHOYP_BRAFLDRAFT_119799.1.1|m.23765,VNSGELFGK,y4,1112386,2017_November_15_oyster131_2.raw,131_2
CHOYP_BRAFLDRAFT_119799.1.1|m.23765,VNSGELFGK,y4,182879,2017_November_15_oyster35_2.raw,35_2
CHOYP_BRAFLDRAFT_119799.1.1|m.23765,VNSGELFGK,y3,272595,2017_November_15_oyster35_1.raw,oyster35_1
CHOYP_BRAFLDRAFT_119799.1.1|m.23765,VNSGELFGK,y3,1366847,2017_November_15_oyster131_1.raw,131_1
CHOYP_BRAFLDRAFT_119799.1.1|m.23765,VNSGELFGK,y3,1683751,2017_November_15_oyster131_2.raw,131_2
CHOYP_BRAFLDRAFT_119799.1.1|m.23765,VNSGELFGK,y3,290431,2017_November_15_oyster35_2.raw,35_2
CHOYP_BRAFLDRAFT_122807.1.1|m.3729,DAIQDYIGSLNWGYR,y11,16697,2017_November_15_oyster35_1.raw,oyster35_1
CHOYP_BRAFLDRAFT_122807.1.1|m.3729,DAIQDYIGSLNWGYR,y11,66079,2017_November_15_oyster131_1.raw,131_1
CHOYP_BRAFLDRAFT_122807.1.1|m.3729,DAIQDYIGSLNWGYR,y11,76960,2017_November_15_oyster131_2.raw,131_2
CHOYP_BRAFLDRAFT_122807.1.1|m.3729,DAIQDYIGSLNWGYR,y11,18433,2017_November_15_oyster35_2.raw,35_2
CHOYP_BRAFLDRAFT_122807.1.1|m.3729,DAIQDYIGSLNWGYR,y9,22963,2017_November_15_oyster35_1.raw,oyster35_1
CHOYP_BRAFLDRAFT_122807.1.1|m.3729,DAIQDYIGSLNWGYR,y9,121861,2017_November_15_oyster131_1.raw,131_1
CHOYP_BRAFLDRAFT_122807.1.1|m.3729,DAIQDYIGSLNWGYR,y9,157234,2017_November_15_oyster131_2.raw,131_2
CHOYP_BRAFLDRAFT_122807.1.1|m.3729,DAIQDYIGSLNWGYR,y9,26207,2017_November_15_oyster35_2.raw,35_2
CHOYP_BRAFLDRAFT_122807.1.1|m.3729,DAIQDYIGSLNWGYR,y8,69843,2017_November_15_oyster35_1.raw,oyster35_1
CHOYP_BRAFLDRAFT_122807.1.1|m.3729,DAIQDYIGSLNWGYR,y8,322878,2017_November_15_oyster131_1.raw,131_1
CHOYP_BRAFLDRAFT_122807.1.1|m.3729,DAIQDYIGSLNWGYR,y8,400503,2017_November_15_oyster131_2.raw,131_2
CHOYP_BRAFLDRAFT_122807.1.1|m.3729,DAIQDYIGSLNWGYR,y8,67869,2017_November_15_oyster35_2.raw,35_2
CHOYP_BRAFLDRAFT_122807.1.1|m.3729,IGDYMEVEGVK,y8,81155,2017_November_15_oyster35_1.raw,oyster35_1
CHOYP_BRAFLDRAFT_122807.1.1|m.3729,IGDYMEVEGVK,y8,175099,2017_November_15_oyster131_1.raw,131_1
CHOYP_BRAFLDRAFT_122807.1.1|m.3729,IGDYMEVEGVK,y8,160904,2017_November_15_oyster131_2.raw,131_2
CHOYP_BRAFLDRAFT_122807.1.1|m.3729,IGDYMEVEGVK,y8,102694,2017_November_15_oyster35_2.raw,35_2
CHOYP_BRAFLDRAFT_122807.1.1|m.3729,IGDYMEVEGVK,y7,168951,2017_November_15_oyster35_1.raw,oyster35_1
CHOYP_BRAFLDRAFT_122807.1.1|m.3729,IGDYMEVEGVK,y7,347411,2017_November_15_oyster131_1.raw,131_1
CHOYP_BRAFLDRAFT_122807.1.1|m.3729,IGDYMEVEGVK,y7,348816,2017_November_15_oyster131_2.raw,131_2
CHOYP_BRAFLDRAFT_122807.1.1|m.3729,IGDYMEVEGVK,y7,226256,2017_November_15_oyster35_2.raw,35_2
CHOYP_BRAFLDRAFT_122807.1.1|m.3729,IGDYMEVEGVK,y6,153384,2017_November_15_oyster35_1.raw,oyster35_1
CHOYP_BRAFLDRAFT_122807.1.1|m.3729,IGDYMEVEGVK,y6,252769,2017_November_15_oyster131_1.raw,131_1
CHOYP_BRAFLDRAFT_122807.1.1|m.3729,IGDYMEVEGVK,y6,262468,2017_November_15_oyster131_2.raw,131_2
CHOYP_BRAFLDRAFT_122807.1.1|m.3729,IGDYMEVEGVK,y6,174494,2017_November_15_oyster35_2.raw,35_2
CHOYP_BRAFLDRAFT_122807.1.1|m.3729,VIGLHVLGPNAGEITQGYAVAMR,y19,#N/A,2017_November_15_oyster35_1.raw,oyster35_1
CHOYP_BRAFLDRAFT_122807.1.1|m.3729,VIGLHVLGPNAGEITQGYAVAMR,y19,0,2017_November_15_oyster131_1.raw,131_1
CHOYP_BRAFLDRAFT_122807.1.1|m.3729,VIGLHVLGPNAGEITQGYAVAMR,y19,0,2017_November_15_oyster131_2.raw,131_2
CHOYP_BRAFLDRAFT_122807.1.1|m.3729,VIGLHVLGPNAGEITQGYAVAMR,y19,0,2017_November_15_oyster35_2.raw,35_2
CHOYP_BRAFLDRAFT_122807.1.1|m.3729,VIGLHVLGPNAGEITQGYAVAMR,y18,#N/A,2017_November_15_oyster35_1.raw,oyster35_1
CHOYP_BRAFLDRAFT_122807.1.1|m.3729,VIGLHVLGPNAGEITQGYAVAMR,y18,0,2017_November_15_oyster131_1.raw,131_1
CHOYP_BRAFLDRAFT_122807.1.1|m.3729,VIGLHVLGPNAGEITQGYAVAMR,y18,238,2017_November_15_oyster131_2.raw,131_2
CHOYP_BRAFLDRAFT_122807.1.1|m.3729,VIGLHVLGPNAGEITQGYAVAMR,y18,0,2017_November_15_oyster35_2.raw,35_2
CHOYP_BRAFLDRAFT_122807.1.1|m.3729,VIGLHVLGPNAGEITQGYAVAMR,y17,#N/A,2017_November_15_oyster35_1.raw,oyster35_1
CHOYP_BRAFLDRAFT_122807.1.1|m.3729,VIGLHVLGPNAGEITQGYAVAMR,y17,170,2017_November_15_oyster131_1.raw,131_1
CHOYP_BRAFLDRAFT_122807.1.1|m.3729,VIGLHVLGPNAGEITQGYAVAMR,y17,342,2017_November_15_oyster131_2.raw,131_2
CHOYP_BRAFLDRAFT_122807.1.1|m.3729,VIGLHVLGPNAGEITQGYAVAMR,y17,271,2017_November_15_oyster35_2.raw,35_2
CHOYP_BRAFLDRAFT_122807.1.1|m.3729,VIGLHVLGPNAGEITQGYAVAMR,y16,#N/A,2017_November_15_oyster35_1.raw,oyster35_1
CHOYP_BRAFLDRAFT_122807.1.1|m.3729,VIGLHVLGPNAGEITQGYAVAMR,y16,576,2017_November_15_oyster131_1.raw,131_1
CHOYP_BRAFLDRAFT_122807.1.1|m.3729,VIGLHVLGPNAGEITQGYAVAMR,y16,703,2017_November_15_oyster131_2.raw,131_2
CHOYP_BRAFLDRAFT_122807.1.1|m.3729,VIGLHVLGPNAGEITQGYAVAMR,y16,1701,2017_November_15_oyster35_2.raw,35_2
CHOYP_BRAFLDRAFT_122807.1.1|m.3729,VIGLHVLGPNAGEITQGYAVAMR,y15,#N/A,2017_November_15_oyster35_1.raw,oyster35_1
CHOYP_BRAFLDRAFT_122807.1.1|m.3729,VIGLHVLGPNAGEITQGYAVAMR,y15,194,2017_November_15_oyster131_1.raw,131_1
CHOYP_BRAFLDRAFT_122807.1.1|m.3729,VIGLHVLGPNAGEITQGYAVAMR,y15,0,2017_November_15_oyster131_2.raw,131_2
CHOYP_BRAFLDRAFT_122807.1.1|m.3729,VIGLHVLGPNAGEITQGYAVAMR,y15,1788,2017_November_15_oyster35_2.raw,35_2
CHOYP_BRAFLDRAFT_122807.1.1|m.3729,VIGLHVLGPNAGEITQGYAVAMR,y14,#N/A,2017_November_15_oyster35_1.raw,oyster35_1
CHOYP_BRAFLDRAFT_122807.1.1|m.3729,VIGLHVLGPNAGEITQGYAVAMR,y14,0,2017_November_15_oyster131_1.raw,131_1
CHOYP_BRAFLDRAFT_122807.1.1|m.3729,VIGLHVLGPNAGEITQGYAVAMR,y14,1950,2017_November_15_oyster131_2.raw,131_2
CHOYP_BRAFLDRAFT_122807.1.1|m.3729,VIGLHVLGPNAGEITQGYAVAMR,y14,1137,2017_November_15_oyster35_2.raw,35_2
CHOYP_BRAFLDRAFT_122807.1.1|m.3729,VIGLHVLGPNAGEITQGYAVAMR,y13,3981,2017_November_15_oyster35_1.raw,oyster35_1
CHOYP_BRAFLDRAFT_122807.1.1|m.3729,VIGLHVLGPNAGEITQGYAVAMR,y13,1649,2017_November_15_oyster131_1.raw,131_1
CHOYP_BRAFLDRAFT_122807.1.1|m.3729,VIGLHVLGPNAGEITQGYAVAMR,y13,2793,2017_November_15_oyster131_2.raw,131_2
CHOYP_BRAFLDRAFT_122807.1.1|m.3729,VIGLHVLGPNAGEITQGYAVAMR,y13,4401,2017_November_15_oyster35_2.raw,35_2
CHOYP_BRAFLDRAFT_122807.1.1|m.3729,VIGLHVLGPNAGEITQGYAVAMR,y12,11164,2017_November_15_oyster35_1.raw,oyster35_1
CHOYP_BRAFLDRAFT_122807.1.1|m.3729,VIGLHVLGPNAGEITQGYAVAMR,y12,8624,2017_November_15_oyster131_1.raw,131_1
CHOYP_BRAFLDRAFT_122807.1.1|m.3729,VIGLHVLGPNAGEITQGYAVAMR,y12,12959,2017_November_15_oyster131_2.raw,131_2
CHOYP_BRAFLDRAFT_122807.1.1|m.3729,VIGLHVLGPNAGEITQGYAVAMR,y12,10357,2017_November_15_oyster35_2.raw,35_2
CHOYP_BRAFLDRAFT_122807.1.1|m.3729,VIGLHVLGPNAGEITQGYAVAMR,y11,8754,2017_November_15_oyster35_1.raw,oyster35_1
CHOYP_BRAFLDRAFT_122807.1.1|m.3729,VIGLHVLGPNAGEITQGYAVAMR,y11,5137,2017_November_15_oyster131_1.raw,131_1
CHOYP_BRAFLDRAFT_122807.1.1|m.3729,VIGLHVLGPNAGEITQGYAVAMR,y11,10430,2017_November_15_oyster131_2.raw,131_2
CHOYP_BRAFLDRAFT_122807.1.1|m.3729,VIGLHVLGPNAGEITQGYAVAMR,y11,8439,2017_November_15_oyster35_2.raw,35_2
CHOYP_BRAFLDRAFT_122807.1.1|m.3729,VIGLHVLGPNAGEITQGYAVAMR,y10,50361,2017_November_15_oyster35_1.raw,oyster35_1
CHOYP_BRAFLDRAFT_122807.1.1|m.3729,VIGLHVLGPNAGEITQGYAVAMR,y10,25607,2017_November_15_oyster131_1.raw,131_1
CHOYP_BRAFLDRAFT_122807.1.1|m.3729,VIGLHVLGPNAGEITQGYAVAMR,y10,45211,2017_November_15_oyster131_2.raw,131_2
CHOYP_BRAFLDRAFT_122807.1.1|m.3729,VIGLHVLGPNAGEITQGYAVAMR,y10,38097,2017_November_15_oyster35_2.raw,35_2
CHOYP_BRAFLDRAFT_122807.1.1|m.3729,VIGLHVLGPNAGEITQGYAVAMR,y9,195086,2017_November_15_oyster35_1.raw,oyster35_1
CHOYP_BRAFLDRAFT_122807.1.1|m.3729,VIGLHVLGPNAGEITQGYAVAMR,y9,120411,2017_November_15_oyster131_1.raw,131_1
CHOYP_BRAFLDRAFT_122807.1.1|m.3729,VIGLHVLGPNAGEITQGYAVAMR,y9,205256,2017_November_15_oyster131_2.raw,131_2
CHOYP_BRAFLDRAFT_122807.1.1|m.3729,VIGLHVLGPNAGEITQGYAVAMR,y9,172004,2017_November_15_oyster35_2.raw,35_2
CHOYP_BRAFLDRAFT_122807.1.1|m.3729,VIGLHVLGPNAGEITQGYAVAMR,y8,101635,2017_November_15_oyster35_1.raw,oyster35_1
CHOYP_BRAFLDRAFT_122807.1.1|m.3729,VIGLHVLGPNAGEITQGYAVAMR,y8,74078,2017_November_15_oyster131_1.raw,131_1
CHOYP_BRAFLDRAFT_122807.1.1|m.3729,VIGLHVLGPNAGEITQGYAVAMR,y8,117959,2017_November_15_oyster131_2.raw,131_2
CHOYP_BRAFLDRAFT_122807.1.1|m.3729,VIGLHVLGPNAGEITQGYAVAMR,y8,104434,2017_November_15_oyster35_2.raw,35_2
CHOYP_BRAFLDRAFT_122807.1.1|m.3729,VIGLHVLGPNAGEITQGYAVAMR,y7,314465,2017_November_15_oyster35_1.raw,oyster35_1
CHOYP_BRAFLDRAFT_122807.1.1|m.3729,VIGLHVLGPNAGEITQGYAVAMR,y7,209192,2017_November_15_oyster131_1.raw,131_1
CHOYP_BRAFLDRAFT_122807.1.1|m.3729,VIGLHVLGPNAGEITQGYAVAMR,y7,343521,2017_November_15_oyster131_2.raw,131_2
CHOYP_BRAFLDRAFT_122807.1.1|m.3729,VIGLHVLGPNAGEITQGYAVAMR,y7,286132,2017_November_15_oyster35_2.raw,35_2
CHOYP_BRAFLDRAFT_122807.1.1|m.3729,VIGLHVLGPNAGEITQGYAVAMR,y6,84289,2017_November_15_oyster35_1.raw,oyster35_1
CHOYP_BRAFLDRAFT_122807.1.1|m.3729,VIGLHVLGPNAGEITQGYAVAMR,y6,53615,2017_November_15_oyster131_1.raw,131_1
CHOYP_BRAFLDRAFT_122807.1.1|m.3729,VIGLHVLGPNAGEITQGYAVAMR,y6,87277,2017_November_15_oyster131_2.raw,131_2
CHOYP_BRAFLDRAFT_122807.1.1|m.3729,VIGLHVLGPNAGEITQGYAVAMR,y6,78912,2017_November_15_oyster35_2.raw,35_2
CHOYP_BRAFLDRAFT_122807.1.1|m.3729,VIGLHVLGPNAGEITQGYAVAMR,y5,129502,2017_November_15_oyster35_1.raw,oyster35_1
CHOYP_BRAFLDRAFT_122807.1.1|m.3729,VIGLHVLGPNAGEITQGYAVAMR,y5,69237,2017_November_15_oyster131_1.raw,131_1
CHOYP_BRAFLDRAFT_122807.1.1|m.3729,VIGLHVLGPNAGEITQGYAVAMR,y5,129936,2017_November_15_oyster131_2.raw,131_2
CHOYP_BRAFLDRAFT_122807.1.1|m.3729,VIGLHVLGPNAGEITQGYAVAMR,y5,89587,2017_November_15_oyster35_2.raw,35_2
CHOYP_BRAFLDRAFT_122807.1.1|m.3729,VIGLHVLGPNAGEITQGYAVAMR,y4,105332,2017_November_15_oyster35_1.raw,oyster35_1
CHOYP_BRAFLDRAFT_122807.1.1|m.3729,VIGLHVLGPNAGEITQGYAVAMR,y4,66769,2017_November_15_oyster131_1.raw,131_1
CHOYP_BRAFLDRAFT_122807.1.1|m.3729,VIGLHVLGPNAGEITQGYAVAMR,y4,119965,2017_November_15_oyster131_2.raw,131_2
CHOYP_BRAFLDRAFT_122807.1.1|m.3729,VIGLHVLGPNAGEITQGYAVAMR,y4,89430,2017_November_15_oyster35_2.raw,35_2
CHOYP_BRAFLDRAFT_122807.1.1|m.3729,VIGLHVLGPNAGEITQGYAVAMR,y3,174921,2017_November_15_oyster35_1.raw,oyster35_1
CHOYP_BRAFLDRAFT_122807.1.1|m.3729,VIGLHVLGPNAGEITQGYAVAMR,y3,121205,2017_November_15_oyster131_1.raw,131_1
CHOYP_BRAFLDRAFT_122807.1.1|m.3729,VIGLHVLGPNAGEITQGYAVAMR,y3,248615,2017_November_15_oyster131_2.raw,131_2
CHOYP_BRAFLDRAFT_122807.1.1|m.3729,VIGLHVLGPNAGEITQGYAVAMR,y3,133335,2017_November_15_oyster35_2.raw,35_2
CHOYP_BRAFLDRAFT_122807.1.1|m.3729,VIGLHVLGPNAGEITQGYAVAMR,y2,70510,2017_November_15_oyster35_1.raw,oyster35_1
CHOYP_BRAFLDRAFT_122807.1.1|m.3729,VIGLHVLGPNAGEITQGYAVAMR,y2,43811,2017_November_15_oyster131_1.raw,131_1
CHOYP_BRAFLDRAFT_122807.1.1|m.3729,VIGLHVLGPNAGEITQGYAVAMR,y2,71949,2017_November_15_oyster131_2.raw,131_2
CHOYP_BRAFLDRAFT_122807.1.1|m.3729,VIGLHVLGPNAGEITQGYAVAMR,y2,62992,2017_November_15_oyster35_2.raw,35_2
CHOYP_BRAFLDRAFT_122807.1.1|m.3729,VIGLHVLGPNAGEITQGYAVAMR,y22,#N/A,2017_November_15_oyster35_1.raw,oyster35_1
CHOYP_BRAFLDRAFT_122807.1.1|m.3729,VIGLHVLGPNAGEITQGYAVAMR,y22,218,2017_November_15_oyster131_1.raw,131_1
CHOYP_BRAFLDRAFT_122807.1.1|m.3729,VIGLHVLGPNAGEITQGYAVAMR,y22,4410,2017_November_15_oyster131_2.raw,131_2
CHOYP_BRAFLDRAFT_122807.1.1|m.3729,VIGLHVLGPNAGEITQGYAVAMR,y22,1191,2017_November_15_oyster35_2.raw,35_2
CHOYP_BRAFLDRAFT_122807.1.1|m.3729,VIGLHVLGPNAGEITQGYAVAMR,y21,#N/A,2017_November_15_oyster35_1.raw,oyster35_1
CHOYP_BRAFLDRAFT_122807.1.1|m.3729,VIGLHVLGPNAGEITQGYAVAMR,y21,1693,2017_November_15_oyster131_1.raw,131_1
CHOYP_BRAFLDRAFT_122807.1.1|m.3729,VIGLHVLGPNAGEITQGYAVAMR,y21,2732,2017_November_15_oyster131_2.raw,131_2
CHOYP_BRAFLDRAFT_122807.1.1|m.3729,VIGLHVLGPNAGEITQGYAVAMR,y21,1096,2017_November_15_oyster35_2.raw,35_2
CHOYP_BRAFLDRAFT_122807.1.1|m.3729,VIGLHVLGPNAGEITQGYAVAMR,y20,#N/A,2017_November_15_oyster35_1.raw,oyster35_1
CHOYP_BRAFLDRAFT_122807.1.1|m.3729,VIGLHVLGPNAGEITQGYAVAMR,y20,316,2017_November_15_oyster131_1.raw,131_1
CHOYP_BRAFLDRAFT_122807.1.1|m.3729,VIGLHVLGPNAGEITQGYAVAMR,y20,1048,2017_November_15_oyster131_2.raw,131_2
CHOYP_BRAFLDRAFT_122807.1.1|m.3729,VIGLHVLGPNAGEITQGYAVAMR,y20,952,2017_November_15_oyster35_2.raw,35_2
CHOYP_BRAFLDRAFT_275870.1.1|m.12895,TGFLQLDEK,y6,310569,2017_November_15_oyster35_1.raw,oyster35_1
CHOYP_BRAFLDRAFT_275870.1.1|m.12895,TGFLQLDEK,y6,595590,2017_November_15_oyster131_1.raw,131_1
CHOYP_BRAFLDRAFT_275870.1.1|m.12895,TGFLQLDEK,y6,572216,2017_November_15_oyster131_2.raw,131_2
CHOYP_BRAFLDRAFT_275870.1.1|m.12895,TGFLQLDEK,y6,357418,2017_November_15_oyster35_2.raw,35_2
CHOYP_BRAFLDRAFT_275870.1.1|m.12895,TGFLQLDEK,y5,217624,2017_November_15_oyster35_1.raw,oyster35_1
CHOYP_BRAFLDRAFT_275870.1.1|m.12895,TGFLQLDEK,y5,376158,2017_November_15_oyster131_1.raw,131_1
CHOYP_BRAFLDRAFT_275870.1.1|m.12895,TGFLQLDEK,y5,368079,2017_November_15_oyster131_2.raw,131_2
CHOYP_BRAFLDRAFT_275870.1.1|m.12895,TGFLQLDEK,y5,235154,2017_November_15_oyster35_2.raw,35_2
CHOYP_BRAFLDRAFT_275870.1.1|m.12895,TGFLQLDEK,y4,169993,2017_November_15_oyster35_1.raw,oyster35_1
CHOYP_BRAFLDRAFT_275870.1.1|m.12895,TGFLQLDEK,y4,265707,2017_November_15_oyster131_1.raw,131_1
CHOYP_BRAFLDRAFT_275870.1.1|m.12895,TGFLQLDEK,y4,276524,2017_November_15_oyster131_2.raw,131_2
CHOYP_BRAFLDRAFT_275870.1.1|m.12895,TGFLQLDEK,y4,203417,2017_November_15_oyster35_2.raw,35_2
CHOYP_BRAFLDRAFT_275870.1.1|m.12895,GMPEMVSGEDK,y8,24743,2017_November_15_oyster35_1.raw,oyster35_1
CHOYP_BRAFLDRAFT_275870.1.1|m.12895,GMPEMVSGEDK,y8,60447,2017_November_15_oyster131_1.raw,131_1
CHOYP_BRAFLDRAFT_275870.1.1|m.12895,GMPEMVSGEDK,y8,73500,2017_November_15_oyster131_2.raw,131_2
CHOYP_BRAFLDRAFT_275870.1.1|m.12895,GMPEMVSGEDK,y8,32331,2017_November_15_oyster35_2.raw,35_2
CHOYP_BRAFLDRAFT_275870.1.1|m.12895,GMPEMVSGEDK,y7,63001,2017_November_15_oyster35_1.raw,oyster35_1
CHOYP_BRAFLDRAFT_275870.1.1|m.12895,GMPEMVSGEDK,y7,175944,2017_November_15_oyster131_1.raw,131_1
CHOYP_BRAFLDRAFT_275870.1.1|m.12895,GMPEMVSGEDK,y7,206391,2017_November_15_oyster131_2.raw,131_2
CHOYP_BRAFLDRAFT_275870.1.1|m.12895,GMPEMVSGEDK,y7,86567,2017_November_15_oyster35_2.raw,35_2
CHOYP_BRAFLDRAFT_275870.1.1|m.12895,GMPEMVSGEDK,y5,48225,2017_November_15_oyster35_1.raw,oyster35_1
CHOYP_BRAFLDRAFT_275870.1.1|m.12895,GMPEMVSGEDK,y5,85175,2017_November_15_oyster131_1.raw,131_1
CHOYP_BRAFLDRAFT_275870.1.1|m.12895,GMPEMVSGEDK,y5,111940,2017_November_15_oyster131_2.raw,131_2
CHOYP_BRAFLDRAFT_275870.1.1|m.12895,GMPEMVSGEDK,y5,69415,2017_November_15_oyster35_2.raw,35_2
CHOYP_CAH2.1.1|m.42306,QSPIDISTK,y6,1087308,2017_November_15_oyster35_1.raw,oyster35_1
CHOYP_CAH2.1.1|m.42306,QSPIDISTK,y6,631462,2017_November_15_oyster131_1.raw,131_1
CHOYP_CAH2.1.1|m.42306,QSPIDISTK,y6,691271,2017_November_15_oyster131_2.raw,131_2
CHOYP_CAH2.1.1|m.42306,QSPIDISTK,y6,1331250,2017_November_15_oyster35_2.raw,35_2
CHOYP_CAH2.1.1|m.42306,QSPIDISTK,y5,4516056,2017_November_15_oyster35_1.raw,oyster35_1
CHOYP_CAH2.1.1|m.42306,QSPIDISTK,y5,2158114,2017_November_15_oyster131_1.raw,131_1
CHOYP_CAH2.1.1|m.42306,QSPIDISTK,y5,2319311,2017_November_15_oyster131_2.raw,131_2
CHOYP_CAH2.1.1|m.42306,QSPIDISTK,y5,5533633,2017_November_15_oyster35_2.raw,35_2
CHOYP_CAH2.1.1|m.42306,QSPIDISTK,y4,3513060,2017_November_15_oyster35_1.raw,oyster35_1
CHOYP_CAH2.1.1|m.42306,QSPIDISTK,y4,1698087,2017_November_15_oyster131_1.raw,131_1
CHOYP_CAH2.1.1|m.42306,QSPIDISTK,y4,1792534,2017_November_15_oyster131_2.raw,131_2
CHOYP_CAH2.1.1|m.42306,QSPIDISTK,y4,4223124,2017_November_15_oyster35_2.raw,35_2
CHOYP_CAH2.1.1|m.42306,NAEVSNTGSSIK,y9,4957252,2017_November_15_oyster35_1.raw,oyster35_1
CHOYP_CAH2.1.1|m.42306,NAEVSNTGSSIK,y9,2960977,2017_November_15_oyster131_1.raw,131_1
CHOYP_CAH2.1.1|m.42306,NAEVSNTGSSIK,y9,3029309,2017_November_15_oyster131_2.raw,131_2
CHOYP_CAH2.1.1|m.42306,NAEVSNTGSSIK,y9,5951782,2017_November_15_oyster35_2.raw,35_2
CHOYP_CAH2.1.1|m.42306,NAEVSNTGSSIK,y8,6393494,2017_November_15_oyster35_1.raw,oyster35_1
CHOYP_CAH2.1.1|m.42306,NAEVSNTGSSIK,y8,4026241,2017_November_15_oyster131_1.raw,131_1
CHOYP_CAH2.1.1|m.42306,NAEVSNTGSSIK,y8,4015694,2017_November_15_oyster131_2.raw,131_2
CHOYP_CAH2.1.1|m.42306,NAEVSNTGSSIK,y8,7737273,2017_November_15_oyster35_2.raw,35_2
CHOYP_CAH2.1.1|m.42306,NAEVSNTGSSIK,y7,1043113,2017_November_15_oyster35_1.raw,oyster35_1
CHOYP_CAH2.1.1|m.42306,NAEVSNTGSSIK,y7,636524,2017_November_15_oyster131_1.raw,131_1
CHOYP_CAH2.1.1|m.42306,NAEVSNTGSSIK,y7,681794,2017_November_15_oyster131_2.raw,131_2
CHOYP_CAH2.1.1|m.42306,NAEVSNTGSSIK,y7,1266951,2017_November_15_oyster35_2.raw,35_2
CHOYP_CAH2.1.1|m.42306,IQEAGSSVK,y6,1266308,2017_November_15_oyster35_1.raw,oyster35_1
CHOYP_CAH2.1.1|m.42306,IQEAGSSVK,y6,1081324,2017_November_15_oyster131_1.raw,131_1
CHOYP_CAH2.1.1|m.42306,IQEAGSSVK,y6,1068446,2017_November_15_oyster131_2.raw,131_2
CHOYP_CAH2.1.1|m.42306,IQEAGSSVK,y6,1550473,2017_November_15_oyster35_2.raw,35_2
CHOYP_CAH2.1.1|m.42306,IQEAGSSVK,y5,752787,2017_November_15_oyster35_1.raw,oyster35_1
CHOYP_CAH2.1.1|m.42306,IQEAGSSVK,y5,563586,2017_November_15_oyster131_1.raw,131_1
CHOYP_CAH2.1.1|m.42306,IQEAGSSVK,y5,597159,2017_November_15_oyster131_2.raw,131_2
CHOYP_CAH2.1.1|m.42306,IQEAGSSVK,y5,848140,2017_November_15_oyster35_2.raw,35_2
CHOYP_CAH2.1.1|m.42306,IQEAGSSVK,y4,134992,2017_November_15_oyster35_1.raw,oyster35_1
CHOYP_CAH2.1.1|m.42306,IQEAGSSVK,y4,104355,2017_November_15_oyster131_1.raw,131_1
CHOYP_CAH2.1.1|m.42306,IQEAGSSVK,y4,116877,2017_November_15_oyster131_2.raw,131_2
CHOYP_CAH2.1.1|m.42306,IQEAGSSVK,y4,151977,2017_November_15_oyster35_2.raw,35_2
CHOYP_CATA.1.3|m.11120,IQIMTPEQAEK,y8,730896,2017_November_15_oyster35_1.raw,oyster35_1
CHOYP_CATA.1.3|m.11120,IQIMTPEQAEK,y8,694109,2017_November_15_oyster131_1.raw,131_1
CHOYP_CATA.1.3|m.11120,IQIMTPEQAEK,y8,856326,2017_November_15_oyster131_2.raw,131_2
CHOYP_CATA.1.3|m.11120,IQIMTPEQAEK,y8,911549,2017_November_15_oyster35_2.raw,35_2
CHOYP_CATA.1.3|m.11120,IQIMTPEQAEK,y7,467581,2017_November_15_oyster35_1.raw,oyster35_1
CHOYP_CATA.1.3|m.11120,IQIMTPEQAEK,y7,467502,2017_November_15_oyster131_1.raw,131_1
CHOYP_CATA.1.3|m.11120,IQIMTPEQAEK,y7,623031,2017_November_15_oyster131_2.raw,131_2
CHOYP_CATA.1.3|m.11120,IQIMTPEQAEK,y7,591330,2017_November_15_oyster35_2.raw,35_2
CHOYP_CATA.1.3|m.11120,IQIMTPEQAEK,y6,687576,2017_November_15_oyster35_1.raw,oyster35_1
CHOYP_CATA.1.3|m.11120,IQIMTPEQAEK,y6,623721,2017_November_15_oyster131_1.raw,131_1
CHOYP_CATA.1.3|m.11120,IQIMTPEQAEK,y6,757165,2017_November_15_oyster131_2.raw,131_2
CHOYP_CATA.1.3|m.11120,IQIMTPEQAEK,y6,827556,2017_November_15_oyster35_2.raw,35_2
CHOYP_CATA.1.3|m.11120,LVENIGNHLINTQK,y9,133230,2017_November_15_oyster35_1.raw,oyster35_1
CHOYP_CATA.1.3|m.11120,LVENIGNHLINTQK,y9,81616,2017_November_15_oyster131_1.raw,131_1
CHOYP_CATA.1.3|m.11120,LVENIGNHLINTQK,y9,92569,2017_November_15_oyster131_2.raw,131_2
CHOYP_CATA.1.3|m.11120,LVENIGNHLINTQK,y9,161972,2017_November_15_oyster35_2.raw,35_2
CHOYP_CATA.1.3|m.11120,LVENIGNHLINTQK,y5,46361,2017_November_15_oyster35_1.raw,oyster35_1
CHOYP_CATA.1.3|m.11120,LVENIGNHLINTQK,y5,32153,2017_November_15_oyster131_1.raw,131_1
CHOYP_CATA.1.3|m.11120,LVENIGNHLINTQK,y5,36261,2017_November_15_oyster131_2.raw,131_2
CHOYP_CATA.1.3|m.11120,LVENIGNHLINTQK,y5,53739,2017_November_15_oyster35_2.raw,35_2
CHOYP_CATA.1.3|m.11120,LVENIGNHLINTQK,y4,86825,2017_November_15_oyster35_1.raw,oyster35_1
CHOYP_CATA.1.3|m.11120,LVENIGNHLINTQK,y4,57353,2017_November_15_oyster131_1.raw,131_1
CHOYP_CATA.1.3|m.11120,LVENIGNHLINTQK,y4,65977,2017_November_15_oyster131_2.raw,131_2
CHOYP_CATA.1.3|m.11120,LVENIGNHLINTQK,y4,119349,2017_November_15_oyster35_2.raw,35_2
CHOYP_CATA.1.3|m.11120,LQAHLDSVSNVSK,y9,70278,2017_November_15_oyster35_1.raw,oyster35_1
CHOYP_CATA.1.3|m.11120,LQAHLDSVSNVSK,y9,82396,2017_November_15_oyster131_1.raw,131_1
CHOYP_CATA.1.3|m.11120,LQAHLDSVSNVSK,y9,80597,2017_November_15_oyster131_2.raw,131_2
CHOYP_CATA.1.3|m.11120,LQAHLDSVSNVSK,y9,61382,2017_November_15_oyster35_2.raw,35_2
CHOYP_CATA.1.3|m.11120,LQAHLDSVSNVSK,y8,67217,2017_November_15_oyster35_1.raw,oyster35_1
CHOYP_CATA.1.3|m.11120,LQAHLDSVSNVSK,y8,102749,2017_November_15_oyster131_1.raw,131_1
CHOYP_CATA.1.3|m.11120,LQAHLDSVSNVSK,y8,86318,2017_November_15_oyster131_2.raw,131_2
CHOYP_CATA.1.3|m.11120,LQAHLDSVSNVSK,y8,91035,2017_November_15_oyster35_2.raw,35_2
CHOYP_CATA.1.3|m.11120,LQAHLDSVSNVSK,y5,31679,2017_November_15_oyster35_1.raw,oyster35_1
CHOYP_CATA.1.3|m.11120,LQAHLDSVSNVSK,y5,42848,2017_November_15_oyster131_1.raw,131_1
CHOYP_CATA.1.3|m.11120,LQAHLDSVSNVSK,y5,50145,2017_November_15_oyster131_2.raw,131_2
CHOYP_CATA.1.3|m.11120,LQAHLDSVSNVSK,y5,39769,2017_November_15_oyster35_2.raw,35_2
CHOYP_CATA.3.3|m.21642,TDQGIQNLSAAEANR,y10,521425,2017_November_15_oyster35_1.raw,oyster35_1
CHOYP_CATA.3.3|m.21642,TDQGIQNLSAAEANR,y10,614796,2017_November_15_oyster131_1.raw,131_1
CHOYP_CATA.3.3|m.21642,TDQGIQNLSAAEANR,y10,758233,2017_November_15_oyster131_2.raw,131_2
CHOYP_CATA.3.3|m.21642,TDQGIQNLSAAEANR,y10,636591,2017_November_15_oyster35_2.raw,35_2
CHOYP_CATA.3.3|m.21642,TDQGIQNLSAAEANR,y9,333852,2017_November_15_oyster35_1.raw,oyster35_1
CHOYP_CATA.3.3|m.21642,TDQGIQNLSAAEANR,y9,409142,2017_November_15_oyster131_1.raw,131_1
CHOYP_CATA.3.3|m.21642,TDQGIQNLSAAEANR,y9,479868,2017_November_15_oyster131_2.raw,131_2
CHOYP_CATA.3.3|m.21642,TDQGIQNLSAAEANR,y9,374353,2017_November_15_oyster35_2.raw,35_2
CHOYP_CATA.3.3|m.21642,TDQGIQNLSAAEANR,y7,602283,2017_November_15_oyster35_1.raw,oyster35_1
CHOYP_CATA.3.3|m.21642,TDQGIQNLSAAEANR,y7,730219,2017_November_15_oyster131_1.raw,131_1
CHOYP_CATA.3.3|m.21642,TDQGIQNLSAAEANR,y7,845186,2017_November_15_oyster131_2.raw,131_2
CHOYP_CATA.3.3|m.21642,TDQGIQNLSAAEANR,y7,744595,2017_November_15_oyster35_2.raw,35_2
CHOYP_G6PD.2.2|m.46923,TYFIGYAR,y5,439932,2017_November_15_oyster35_1.raw,oyster35_1
CHOYP_G6PD.2.2|m.46923,TYFIGYAR,y5,1040484,2017_November_15_oyster131_1.raw,131_1
CHOYP_G6PD.2.2|m.46923,TYFIGYAR,y5,1217253,2017_November_15_oyster131_2.raw,131_2
CHOYP_G6PD.2.2|m.46923,TYFIGYAR,y5,518231,2017_November_15_oyster35_2.raw,35_2
CHOYP_G6PD.2.2|m.46923,TYFIGYAR,y4,708603,2017_November_15_oyster35_1.raw,oyster35_1
CHOYP_G6PD.2.2|m.46923,TYFIGYAR,y4,1619463,2017_November_15_oyster131_1.raw,131_1
CHOYP_G6PD.2.2|m.46923,TYFIGYAR,y4,1837876,2017_November_15_oyster131_2.raw,131_2
CHOYP_G6PD.2.2|m.46923,TYFIGYAR,y4,886259,2017_November_15_oyster35_2.raw,35_2
CHOYP_G6PD.2.2|m.46923,TYFIGYAR,y3,74809,2017_November_15_oyster35_1.raw,oyster35_1
CHOYP_G6PD.2.2|m.46923,TYFIGYAR,y3,141326,2017_November_15_oyster131_1.raw,131_1
CHOYP_G6PD.2.2|m.46923,TYFIGYAR,y3,156637,2017_November_15_oyster131_2.raw,131_2
CHOYP_G6PD.2.2|m.46923,TYFIGYAR,y3,68605,2017_November_15_oyster35_2.raw,35_2
CHOYP_G6PD.2.2|m.46923,SDELYEAWR,y6,227615,2017_November_15_oyster35_1.raw,oyster35_1
CHOYP_G6PD.2.2|m.46923,SDELYEAWR,y6,283276,2017_November_15_oyster131_1.raw,131_1
CHOYP_G6PD.2.2|m.46923,SDELYEAWR,y6,326527,2017_November_15_oyster131_2.raw,131_2
CHOYP_G6PD.2.2|m.46923,SDELYEAWR,y6,305417,2017_November_15_oyster35_2.raw,35_2
CHOYP_G6PD.2.2|m.46923,SDELYEAWR,y5,767474,2017_November_15_oyster35_1.raw,oyster35_1
CHOYP_G6PD.2.2|m.46923,SDELYEAWR,y5,861435,2017_November_15_oyster131_1.raw,131_1
CHOYP_G6PD.2.2|m.46923,SDELYEAWR,y5,1036911,2017_November_15_oyster131_2.raw,131_2
CHOYP_G6PD.2.2|m.46923,SDELYEAWR,y5,920724,2017_November_15_oyster35_2.raw,35_2
CHOYP_G6PD.2.2|m.46923,SDELYEAWR,y4,386788,2017_November_15_oyster35_1.raw,oyster35_1
CHOYP_G6PD.2.2|m.46923,SDELYEAWR,y4,442542,2017_November_15_oyster131_1.raw,131_1
CHOYP_G6PD.2.2|m.46923,SDELYEAWR,y4,534443,2017_November_15_oyster131_2.raw,131_2
CHOYP_G6PD.2.2|m.46923,SDELYEAWR,y4,434711,2017_November_15_oyster35_2.raw,35_2
CHOYP_HS12A.25.33|m.60352,APTTLLLEPDGK,y7,183774,2017_November_15_oyster35_1.raw,oyster35_1
CHOYP_HS12A.25.33|m.60352,APTTLLLEPDGK,y7,443640,2017_November_15_oyster131_1.raw,131_1
CHOYP_HS12A.25.33|m.60352,APTTLLLEPDGK,y7,397944,2017_November_15_oyster131_2.raw,131_2
CHOYP_HS12A.25.33|m.60352,APTTLLLEPDGK,y7,216120,2017_November_15_oyster35_2.raw,35_2
CHOYP_HS12A.25.33|m.60352,APTTLLLEPDGK,y6,149100,2017_November_15_oyster35_1.raw,oyster35_1
CHOYP_HS12A.25.33|m.60352,APTTLLLEPDGK,y6,332261,2017_November_15_oyster131_1.raw,131_1
CHOYP_HS12A.25.33|m.60352,APTTLLLEPDGK,y6,325310,2017_November_15_oyster131_2.raw,131_2
CHOYP_HS12A.25.33|m.60352,APTTLLLEPDGK,y6,142969,2017_November_15_oyster35_2.raw,35_2
CHOYP_HS12A.25.33|m.60352,APTTLLLEPDGK,y4,265682,2017_November_15_oyster35_1.raw,oyster35_1
CHOYP_HS12A.25.33|m.60352,APTTLLLEPDGK,y4,581962,2017_November_15_oyster131_1.raw,131_1
CHOYP_HS12A.25.33|m.60352,APTTLLLEPDGK,y4,548278,2017_November_15_oyster131_2.raw,131_2
CHOYP_HS12A.25.33|m.60352,APTTLLLEPDGK,y4,285494,2017_November_15_oyster35_2.raw,35_2
CHOYP_HS12A.25.33|m.60352,GIAEAISSSK,y6,265503,2017_November_15_oyster35_1.raw,oyster35_1
CHOYP_HS12A.25.33|m.60352,GIAEAISSSK,y6,444187,2017_November_15_oyster131_1.raw,131_1
CHOYP_HS12A.25.33|m.60352,GIAEAISSSK,y6,445981,2017_November_15_oyster131_2.raw,131_2
CHOYP_HS12A.25.33|m.60352,GIAEAISSSK,y6,309527,2017_November_15_oyster35_2.raw,35_2
CHOYP_HS12A.25.33|m.60352,GIAEAISSSK,y5,103003,2017_November_15_oyster35_1.raw,oyster35_1
CHOYP_HS12A.25.33|m.60352,GIAEAISSSK,y5,194617,2017_November_15_oyster131_1.raw,131_1
CHOYP_HS12A.25.33|m.60352,GIAEAISSSK,y5,214489,2017_November_15_oyster131_2.raw,131_2
CHOYP_HS12A.25.33|m.60352,GIAEAISSSK,y5,172161,2017_November_15_oyster35_2.raw,35_2
CHOYP_HS12A.25.33|m.60352,GIAEAISSSK,y4,139260,2017_November_15_oyster35_1.raw,oyster35_1
CHOYP_HS12A.25.33|m.60352,GIAEAISSSK,y4,241347,2017_November_15_oyster131_1.raw,131_1
CHOYP_HS12A.25.33|m.60352,GIAEAISSSK,y4,224654,2017_November_15_oyster131_2.raw,131_2
CHOYP_HS12A.25.33|m.60352,GIAEAISSSK,y4,183611,2017_November_15_oyster35_2.raw,35_2
CHOYP_LOC100633041.1.1|m.35428,AVVEAANNFGR,y8,1572597,2017_November_15_oyster35_1.raw,oyster35_1
CHOYP_LOC100633041.1.1|m.35428,AVVEAANNFGR,y8,1756125,2017_November_15_oyster131_1.raw,131_1
CHOYP_LOC100633041.1.1|m.35428,AVVEAANNFGR,y8,1833490,2017_November_15_oyster131_2.raw,131_2
CHOYP_LOC100633041.1.1|m.35428,AVVEAANNFGR,y8,2023418,2017_November_15_oyster35_2.raw,35_2
CHOYP_LOC100633041.1.1|m.35428,AVVEAANNFGR,y7,2170834,2017_November_15_oyster35_1.raw,oyster35_1
CHOYP_LOC100633041.1.1|m.35428,AVVEAANNFGR,y7,2276237,2017_November_15_oyster131_1.raw,131_1
CHOYP_LOC100633041.1.1|m.35428,AVVEAANNFGR,y7,2609488,2017_November_15_oyster131_2.raw,131_2
CHOYP_LOC100633041.1.1|m.35428,AVVEAANNFGR,y7,2677831,2017_November_15_oyster35_2.raw,35_2
CHOYP_LOC100633041.1.1|m.35428,AVVEAANNFGR,y5,805726,2017_November_15_oyster35_1.raw,oyster35_1
CHOYP_LOC100633041.1.1|m.35428,AVVEAANNFGR,y5,864369,2017_November_15_oyster131_1.raw,131_1
CHOYP_LOC100633041.1.1|m.35428,AVVEAANNFGR,y5,942189,2017_November_15_oyster131_2.raw,131_2
CHOYP_LOC100633041.1.1|m.35428,AVVEAANNFGR,y5,998898,2017_November_15_oyster35_2.raw,35_2
CHOYP_LOC100633041.1.1|m.35428,SLTNVILGGYGTK,y9,#N/A,2017_November_15_oyster35_1.raw,oyster35_1
CHOYP_LOC100633041.1.1|m.35428,SLTNVILGGYGTK,y9,227847,2017_November_15_oyster131_1.raw,131_1
CHOYP_LOC100633041.1.1|m.35428,SLTNVILGGYGTK,y9,284706,2017_November_15_oyster131_2.raw,131_2
CHOYP_LOC100633041.1.1|m.35428,SLTNVILGGYGTK,y9,136164,2017_November_15_oyster35_2.raw,35_2
CHOYP_LOC100633041.1.1|m.35428,SLTNVILGGYGTK,y8,66554,2017_November_15_oyster35_1.raw,oyster35_1
CHOYP_LOC100633041.1.1|m.35428,SLTNVILGGYGTK,y8,840844,2017_November_15_oyster131_1.raw,131_1
CHOYP_LOC100633041.1.1|m.35428,SLTNVILGGYGTK,y8,1079554,2017_November_15_oyster131_2.raw,131_2
CHOYP_LOC100633041.1.1|m.35428,SLTNVILGGYGTK,y8,716716,2017_November_15_oyster35_2.raw,35_2
CHOYP_LOC100633041.1.1|m.35428,SLTNVILGGYGTK,y7,58959,2017_November_15_oyster35_1.raw,oyster35_1
CHOYP_LOC100633041.1.1|m.35428,SLTNVILGGYGTK,y7,554517,2017_November_15_oyster131_1.raw,131_1
CHOYP_LOC100633041.1.1|m.35428,SLTNVILGGYGTK,y7,668593,2017_November_15_oyster131_2.raw,131_2
CHOYP_LOC100633041.1.1|m.35428,SLTNVILGGYGTK,y7,425608,2017_November_15_oyster35_2.raw,35_2
CHOYP_LOC100883864.1.1|m.41791,DYYLSLAHTVR,y8,67482,2017_November_15_oyster35_1.raw,oyster35_1
CHOYP_LOC100883864.1.1|m.41791,DYYLSLAHTVR,y8,317330,2017_November_15_oyster131_1.raw,131_1
CHOYP_LOC100883864.1.1|m.41791,DYYLSLAHTVR,y8,290566,2017_November_15_oyster131_2.raw,131_2
CHOYP_LOC100883864.1.1|m.41791,DYYLSLAHTVR,y8,88311,2017_November_15_oyster35_2.raw,35_2
CHOYP_LOC100883864.1.1|m.41791,DYYLSLAHTVR,y7,121110,2017_November_15_oyster35_1.raw,oyster35_1
CHOYP_LOC100883864.1.1|m.41791,DYYLSLAHTVR,y7,572643,2017_November_15_oyster131_1.raw,131_1
CHOYP_LOC100883864.1.1|m.41791,DYYLSLAHTVR,y7,557075,2017_November_15_oyster131_2.raw,131_2
CHOYP_LOC100883864.1.1|m.41791,DYYLSLAHTVR,y7,140076,2017_November_15_oyster35_2.raw,35_2
CHOYP_LOC100883864.1.1|m.41791,DYYLSLAHTVR,y5,63859,2017_November_15_oyster35_1.raw,oyster35_1
CHOYP_LOC100883864.1.1|m.41791,DYYLSLAHTVR,y5,289897,2017_November_15_oyster131_1.raw,131_1
CHOYP_LOC100883864.1.1|m.41791,DYYLSLAHTVR,y5,280998,2017_November_15_oyster131_2.raw,131_2
CHOYP_LOC100883864.1.1|m.41791,DYYLSLAHTVR,y5,84360,2017_November_15_oyster35_2.raw,35_2
CHOYP_LOC100883864.1.1|m.41791,IEDGWQVEEPDEWLR,y9,104338,2017_November_15_oyster35_1.raw,oyster35_1
CHOYP_LOC100883864.1.1|m.41791,IEDGWQVEEPDEWLR,y9,340094,2017_November_15_oyster131_1.raw,131_1
CHOYP_LOC100883864.1.1|m.41791,IEDGWQVEEPDEWLR,y9,372801,2017_November_15_oyster131_2.raw,131_2
CHOYP_LOC100883864.1.1|m.41791,IEDGWQVEEPDEWLR,y9,117537,2017_November_15_oyster35_2.raw,35_2
CHOYP_LOC100883864.1.1|m.41791,IEDGWQVEEPDEWLR,y8,137052,2017_November_15_oyster35_1.raw,oyster35_1
CHOYP_LOC100883864.1.1|m.41791,IEDGWQVEEPDEWLR,y8,488414,2017_November_15_oyster131_1.raw,131_1
CHOYP_LOC100883864.1.1|m.41791,IEDGWQVEEPDEWLR,y8,543299,2017_November_15_oyster131_2.raw,131_2
CHOYP_LOC100883864.1.1|m.41791,IEDGWQVEEPDEWLR,y8,167968,2017_November_15_oyster35_2.raw,35_2
CHOYP_LOC100883864.1.1|m.41791,IEDGWQVEEPDEWLR,y6,142598,2017_November_15_oyster35_1.raw,oyster35_1
CHOYP_LOC100883864.1.1|m.41791,IEDGWQVEEPDEWLR,y6,467382,2017_November_15_oyster131_1.raw,131_1
CHOYP_LOC100883864.1.1|m.41791,IEDGWQVEEPDEWLR,y6,529312,2017_November_15_oyster131_2.raw,131_2
CHOYP_LOC100883864.1.1|m.41791,IEDGWQVEEPDEWLR,y6,157100,2017_November_15_oyster35_2.raw,35_2
CHOYP_LOC100883864.1.1|m.41791,VLYPNDNFFSGK,y9,1235493,2017_November_15_oyster35_1.raw,oyster35_1
CHOYP_LOC100883864.1.1|m.41791,VLYPNDNFFSGK,y9,3067349,2017_November_15_oyster131_1.raw,131_1
CHOYP_LOC100883864.1.1|m.41791,VLYPNDNFFSGK,y9,2833479,2017_November_15_oyster131_2.raw,131_2
CHOYP_LOC100883864.1.1|m.41791,VLYPNDNFFSGK,y9,1401571,2017_November_15_oyster35_2.raw,35_2
CHOYP_LOC100883864.1.1|m.41791,VLYPNDNFFSGK,y8,134988,2017_November_15_oyster35_1.raw,oyster35_1
CHOYP_LOC100883864.1.1|m.41791,VLYPNDNFFSGK,y8,333916,2017_November_15_oyster131_1.raw,131_1
CHOYP_LOC100883864.1.1|m.41791,VLYPNDNFFSGK,y8,309607,2017_November_15_oyster131_2.raw,131_2
CHOYP_LOC100883864.1.1|m.41791,VLYPNDNFFSGK,y8,165426,2017_November_15_oyster35_2.raw,35_2
CHOYP_LOC100883864.1.1|m.41791,VLYPNDNFFSGK,y7,69066,2017_November_15_oyster35_1.raw,oyster35_1
CHOYP_LOC100883864.1.1|m.41791,VLYPNDNFFSGK,y7,142814,2017_November_15_oyster131_1.raw,131_1
CHOYP_LOC100883864.1.1|m.41791,VLYPNDNFFSGK,y7,141355,2017_November_15_oyster131_2.raw,131_2
CHOYP_LOC100883864.1.1|m.41791,VLYPNDNFFSGK,y7,78048,2017_November_15_oyster35_2.raw,35_2
CHOYP_MRP1.5.10|m.34368,LYAWEPSFQDK,y8,43754,2017_November_15_oyster35_1.raw,oyster35_1
CHOYP_MRP1.5.10|m.34368,LYAWEPSFQDK,y8,#N/A,2017_November_15_oyster131_1.raw,131_1
CHOYP_MRP1.5.10|m.34368,LYAWEPSFQDK,y8,#N/A,2017_November_15_oyster131_2.raw,131_2
CHOYP_MRP1.5.10|m.34368,LYAWEPSFQDK,y8,51766,2017_November_15_oyster35_2.raw,35_2
CHOYP_MRP1.5.10|m.34368,LYAWEPSFQDK,y7,53567,2017_November_15_oyster35_1.raw,oyster35_1
CHOYP_MRP1.5.10|m.34368,LYAWEPSFQDK,y7,#N/A,2017_November_15_oyster131_1.raw,131_1
CHOYP_MRP1.5.10|m.34368,LYAWEPSFQDK,y7,#N/A,2017_November_15_oyster131_2.raw,131_2
CHOYP_MRP1.5.10|m.34368,LYAWEPSFQDK,y7,59809,2017_November_15_oyster35_2.raw,35_2
CHOYP_MRP1.5.10|m.34368,LYAWEPSFQDK,y6,66483,2017_November_15_oyster35_1.raw,oyster35_1
CHOYP_MRP1.5.10|m.34368,LYAWEPSFQDK,y6,#N/A,2017_November_15_oyster131_1.raw,131_1
CHOYP_MRP1.5.10|m.34368,LYAWEPSFQDK,y6,#N/A,2017_November_15_oyster131_2.raw,131_2
CHOYP_MRP1.5.10|m.34368,LYAWEPSFQDK,y6,81639,2017_November_15_oyster35_2.raw,35_2
CHOYP_MRP1.5.10|m.34368,LYAWEPSFQDK,y4,261186,2017_November_15_oyster35_1.raw,oyster35_1
CHOYP_MRP1.5.10|m.34368,LYAWEPSFQDK,y4,#N/A,2017_November_15_oyster131_1.raw,131_1
CHOYP_MRP1.5.10|m.34368,LYAWEPSFQDK,y4,#N/A,2017_November_15_oyster131_2.raw,131_2
CHOYP_MRP1.5.10|m.34368,LYAWEPSFQDK,y4,316631,2017_November_15_oyster35_2.raw,35_2
CHOYP_MRP1.5.10|m.34368,DSTVLTIAHR,y6,#N/A,2017_November_15_oyster35_1.raw,oyster35_1
CHOYP_MRP1.5.10|m.34368,DSTVLTIAHR,y6,#N/A,2017_November_15_oyster131_1.raw,131_1
CHOYP_MRP1.5.10|m.34368,DSTVLTIAHR,y6,#N/A,2017_November_15_oyster131_2.raw,131_2
CHOYP_MRP1.5.10|m.34368,DSTVLTIAHR,y6,#N/A,2017_November_15_oyster35_2.raw,35_2
CHOYP_MRP1.5.10|m.34368,DSTVLTIAHR,y5,#N/A,2017_November_15_oyster35_1.raw,oyster35_1
CHOYP_MRP1.5.10|m.34368,DSTVLTIAHR,y5,#N/A,2017_November_15_oyster131_1.raw,131_1
CHOYP_MRP1.5.10|m.34368,DSTVLTIAHR,y5,#N/A,2017_November_15_oyster131_2.raw,131_2
CHOYP_MRP1.5.10|m.34368,DSTVLTIAHR,y5,#N/A,2017_November_15_oyster35_2.raw,35_2
CHOYP_MRP1.5.10|m.34368,DSTVLTIAHR,y4,#N/A,2017_November_15_oyster35_1.raw,oyster35_1
CHOYP_MRP1.5.10|m.34368,DSTVLTIAHR,y4,#N/A,2017_November_15_oyster131_1.raw,131_1
CHOYP_MRP1.5.10|m.34368,DSTVLTIAHR,y4,#N/A,2017_November_15_oyster131_2.raw,131_2
CHOYP_MRP1.5.10|m.34368,DSTVLTIAHR,y4,#N/A,2017_November_15_oyster35_2.raw,35_2
CHOYP_PDIA1.1.1|m.5297,TSPEIVNWLR,y7,1583191,2017_November_15_oyster35_1.raw,oyster35_1
CHOYP_PDIA1.1.1|m.5297,TSPEIVNWLR,y7,1256556,2017_November_15_oyster131_1.raw,131_1
CHOYP_PDIA1.1.1|m.5297,TSPEIVNWLR,y7,2032196,2017_November_15_oyster131_2.raw,131_2
CHOYP_PDIA1.1.1|m.5297,TSPEIVNWLR,y7,1392794,2017_November_15_oyster35_2.raw,35_2
CHOYP_PDIA1.1.1|m.5297,TSPEIVNWLR,y6,3933230,2017_November_15_oyster35_1.raw,oyster35_1
CHOYP_PDIA1.1.1|m.5297,TSPEIVNWLR,y6,3206560,2017_November_15_oyster131_1.raw,131_1
CHOYP_PDIA1.1.1|m.5297,TSPEIVNWLR,y6,5174424,2017_November_15_oyster131_2.raw,131_2
CHOYP_PDIA1.1.1|m.5297,TSPEIVNWLR,y6,3465710,2017_November_15_oyster35_2.raw,35_2
CHOYP_PDIA1.1.1|m.5297,TSPEIVNWLR,y5,3826505,2017_November_15_oyster35_1.raw,oyster35_1
CHOYP_PDIA1.1.1|m.5297,TSPEIVNWLR,y5,3218344,2017_November_15_oyster131_1.raw,131_1
CHOYP_PDIA1.1.1|m.5297,TSPEIVNWLR,y5,5002985,2017_November_15_oyster131_2.raw,131_2
CHOYP_PDIA1.1.1|m.5297,TSPEIVNWLR,y5,3410331,2017_November_15_oyster35_2.raw,35_2
CHOYP_PDIA1.1.1|m.5297,LITLGEDMTK,y7,2275091,2017_November_15_oyster35_1.raw,oyster35_1
CHOYP_PDIA1.1.1|m.5297,LITLGEDMTK,y7,2443186,2017_November_15_oyster131_1.raw,131_1
CHOYP_PDIA1.1.1|m.5297,LITLGEDMTK,y7,2135818,2017_November_15_oyster131_2.raw,131_2
CHOYP_PDIA1.1.1|m.5297,LITLGEDMTK,y7,3050692,2017_November_15_oyster35_2.raw,35_2
CHOYP_PDIA1.1.1|m.5297,LITLGEDMTK,y6,6753888,2017_November_15_oyster35_1.raw,oyster35_1
CHOYP_PDIA1.1.1|m.5297,LITLGEDMTK,y6,7080372,2017_November_15_oyster131_1.raw,131_1
CHOYP_PDIA1.1.1|m.5297,LITLGEDMTK,y6,6489761,2017_November_15_oyster131_2.raw,131_2
CHOYP_PDIA1.1.1|m.5297,LITLGEDMTK,y6,8896647,2017_November_15_oyster35_2.raw,35_2
CHOYP_PDIA1.1.1|m.5297,LITLGEDMTK,y5,404837,2017_November_15_oyster35_1.raw,oyster35_1
CHOYP_PDIA1.1.1|m.5297,LITLGEDMTK,y5,437626,2017_November_15_oyster131_1.raw,131_1
CHOYP_PDIA1.1.1|m.5297,LITLGEDMTK,y5,404264,2017_November_15_oyster131_2.raw,131_2
CHOYP_PDIA1.1.1|m.5297,LITLGEDMTK,y5,540320,2017_November_15_oyster35_2.raw,35_2
CHOYP_PDIA1.1.1|m.5297,LITLGEDMTK,y4,695821,2017_November_15_oyster35_1.raw,oyster35_1
CHOYP_PDIA1.1.1|m.5297,LITLGEDMTK,y4,776458,2017_November_15_oyster131_1.raw,131_1
CHOYP_PDIA1.1.1|m.5297,LITLGEDMTK,y4,744849,2017_November_15_oyster131_2.raw,131_2
CHOYP_PDIA1.1.1|m.5297,LITLGEDMTK,y4,865824,2017_November_15_oyster35_2.raw,35_2
CHOYP_PDIA1.1.1|m.5297,LITLGEDMTK,y3,709477,2017_November_15_oyster35_1.raw,oyster35_1
CHOYP_PDIA1.1.1|m.5297,LITLGEDMTK,y3,741075,2017_November_15_oyster131_1.raw,131_1
CHOYP_PDIA1.1.1|m.5297,LITLGEDMTK,y3,641552,2017_November_15_oyster131_2.raw,131_2
CHOYP_PDIA1.1.1|m.5297,LITLGEDMTK,y3,862953,2017_November_15_oyster35_2.raw,35_2
CHOYP_PDIA1.1.1|m.5297,GSQQVVDYNGER,y8,2846646,2017_November_15_oyster35_1.raw,oyster35_1
CHOYP_PDIA1.1.1|m.5297,GSQQVVDYNGER,y8,2585504,2017_November_15_oyster131_1.raw,131_1
CHOYP_PDIA1.1.1|m.5297,GSQQVVDYNGER,y8,2501933,2017_November_15_oyster131_2.raw,131_2
CHOYP_PDIA1.1.1|m.5297,GSQQVVDYNGER,y8,2929383,2017_November_15_oyster35_2.raw,35_2
CHOYP_PDIA1.1.1|m.5297,GSQQVVDYNGER,y7,7856702,2017_November_15_oyster35_1.raw,oyster35_1
CHOYP_PDIA1.1.1|m.5297,GSQQVVDYNGER,y7,7240088,2017_November_15_oyster131_1.raw,131_1
CHOYP_PDIA1.1.1|m.5297,GSQQVVDYNGER,y7,7115031,2017_November_15_oyster131_2.raw,131_2
CHOYP_PDIA1.1.1|m.5297,GSQQVVDYNGER,y7,8139995,2017_November_15_oyster35_2.raw,35_2
CHOYP_PDIA1.1.1|m.5297,GSQQVVDYNGER,y6,3997400,2017_November_15_oyster35_1.raw,oyster35_1
CHOYP_PDIA1.1.1|m.5297,GSQQVVDYNGER,y6,3763515,2017_November_15_oyster131_1.raw,131_1
CHOYP_PDIA1.1.1|m.5297,GSQQVVDYNGER,y6,3743863,2017_November_15_oyster131_2.raw,131_2
CHOYP_PDIA1.1.1|m.5297,GSQQVVDYNGER,y6,4021836,2017_November_15_oyster35_2.raw,35_2
CHOYP_PDIA3.1.1|m.60223,AGEFSEEYGGPR,y9,1265476,2017_November_15_oyster35_1.raw,oyster35_1
CHOYP_PDIA3.1.1|m.60223,AGEFSEEYGGPR,y9,1500898,2017_November_15_oyster131_1.raw,131_1
CHOYP_PDIA3.1.1|m.60223,AGEFSEEYGGPR,y9,1731157,2017_November_15_oyster131_2.raw,131_2
CHOYP_PDIA3.1.1|m.60223,AGEFSEEYGGPR,y9,1433251,2017_November_15_oyster35_2.raw,35_2
CHOYP_PDIA3.1.1|m.60223,AGEFSEEYGGPR,y8,2649238,2017_November_15_oyster35_1.raw,oyster35_1
CHOYP_PDIA3.1.1|m.60223,AGEFSEEYGGPR,y8,3210927,2017_November_15_oyster131_1.raw,131_1
CHOYP_PDIA3.1.1|m.60223,AGEFSEEYGGPR,y8,3799338,2017_November_15_oyster131_2.raw,131_2
CHOYP_PDIA3.1.1|m.60223,AGEFSEEYGGPR,y8,3061555,2017_November_15_oyster35_2.raw,35_2
CHOYP_PDIA3.1.1|m.60223,AGEFSEEYGGPR,y7,1194381,2017_November_15_oyster35_1.raw,oyster35_1
CHOYP_PDIA3.1.1|m.60223,AGEFSEEYGGPR,y7,1472756,2017_November_15_oyster131_1.raw,131_1
CHOYP_PDIA3.1.1|m.60223,AGEFSEEYGGPR,y7,1656800,2017_November_15_oyster131_2.raw,131_2
CHOYP_PDIA3.1.1|m.60223,AGEFSEEYGGPR,y7,1436246,2017_November_15_oyster35_2.raw,35_2
CHOYP_PDIA3.1.1|m.60223,AGEFSEEYGGPR,y6,1108895,2017_November_15_oyster35_1.raw,oyster35_1
CHOYP_PDIA3.1.1|m.60223,AGEFSEEYGGPR,y6,1377915,2017_November_15_oyster131_1.raw,131_1
CHOYP_PDIA3.1.1|m.60223,AGEFSEEYGGPR,y6,1608617,2017_November_15_oyster131_2.raw,131_2
CHOYP_PDIA3.1.1|m.60223,AGEFSEEYGGPR,y6,1349487,2017_November_15_oyster35_2.raw,35_2
CHOYP_PDIA3.1.1|m.60223,VADAMSTDLK,y7,683343,2017_November_15_oyster35_1.raw,oyster35_1
CHOYP_PDIA3.1.1|m.60223,VADAMSTDLK,y7,1067828,2017_November_15_oyster131_1.raw,131_1
CHOYP_PDIA3.1.1|m.60223,VADAMSTDLK,y7,1166512,2017_November_15_oyster131_2.raw,131_2
CHOYP_PDIA3.1.1|m.60223,VADAMSTDLK,y7,825449,2017_November_15_oyster35_2.raw,35_2
CHOYP_PDIA3.1.1|m.60223,VADAMSTDLK,y6,981258,2017_November_15_oyster35_1.raw,oyster35_1
CHOYP_PDIA3.1.1|m.60223,VADAMSTDLK,y6,1571828,2017_November_15_oyster131_1.raw,131_1
CHOYP_PDIA3.1.1|m.60223,VADAMSTDLK,y6,1713722,2017_November_15_oyster131_2.raw,131_2
CHOYP_PDIA3.1.1|m.60223,VADAMSTDLK,y6,1175773,2017_November_15_oyster35_2.raw,35_2
CHOYP_PDIA3.1.1|m.60223,VADAMSTDLK,y5,923572,2017_November_15_oyster35_1.raw,oyster35_1
CHOYP_PDIA3.1.1|m.60223,VADAMSTDLK,y5,1468004,2017_November_15_oyster131_1.raw,131_1
CHOYP_PDIA3.1.1|m.60223,VADAMSTDLK,y5,1614156,2017_November_15_oyster131_2.raw,131_2
CHOYP_PDIA3.1.1|m.60223,VADAMSTDLK,y5,1111844,2017_November_15_oyster35_2.raw,35_2
CHOYP_PDIA3.1.1|m.60223,IFFAVSNSK,y6,765398,2017_November_15_oyster35_1.raw,oyster35_1
CHOYP_PDIA3.1.1|m.60223,IFFAVSNSK,y6,2814246,2017_November_15_oyster131_1.raw,131_1
CHOYP_PDIA3.1.1|m.60223,IFFAVSNSK,y6,2605674,2017_November_15_oyster131_2.raw,131_2
CHOYP_PDIA3.1.1|m.60223,IFFAVSNSK,y6,923855,2017_November_15_oyster35_2.raw,35_2
CHOYP_PDIA3.1.1|m.60223,IFFAVSNSK,y5,530657,2017_November_15_oyster35_1.raw,oyster35_1
CHOYP_PDIA3.1.1|m.60223,IFFAVSNSK,y5,2014582,2017_November_15_oyster131_1.raw,131_1
CHOYP_PDIA3.1.1|m.60223,IFFAVSNSK,y5,1771732,2017_November_15_oyster131_2.raw,131_2
CHOYP_PDIA3.1.1|m.60223,IFFAVSNSK,y5,649264,2017_November_15_oyster35_2.raw,35_2
CHOYP_PDIA3.1.1|m.60223,IFFAVSNSK,y4,471818,2017_November_15_oyster35_1.raw,oyster35_1
CHOYP_PDIA3.1.1|m.60223,IFFAVSNSK,y4,1735388,2017_November_15_oyster131_1.raw,131_1
CHOYP_PDIA3.1.1|m.60223,IFFAVSNSK,y4,1552568,2017_November_15_oyster131_2.raw,131_2
CHOYP_PDIA3.1.1|m.60223,IFFAVSNSK,y4,546540,2017_November_15_oyster35_2.raw,35_2
CHOYP_PSA.1.1|m.27259,SENDLPEDSTWK,y8,55270,2017_November_15_oyster35_1.raw,oyster35_1
CHOYP_PSA.1.1|m.27259,SENDLPEDSTWK,y8,124412,2017_November_15_oyster131_1.raw,131_1
CHOYP_PSA.1.1|m.27259,SENDLPEDSTWK,y8,145030,2017_November_15_oyster131_2.raw,131_2
CHOYP_PSA.1.1|m.27259,SENDLPEDSTWK,y8,59697,2017_November_15_oyster35_2.raw,35_2
CHOYP_PSA.1.1|m.27259,SENDLPEDSTWK,y7,453384,2017_November_15_oyster35_1.raw,oyster35_1
CHOYP_PSA.1.1|m.27259,SENDLPEDSTWK,y7,1235110,2017_November_15_oyster131_1.raw,131_1
CHOYP_PSA.1.1|m.27259,SENDLPEDSTWK,y7,1501304,2017_November_15_oyster131_2.raw,131_2
CHOYP_PSA.1.1|m.27259,SENDLPEDSTWK,y7,566387,2017_November_15_oyster35_2.raw,35_2
CHOYP_PSA.1.1|m.27259,SENDLPEDSTWK,y4,26280,2017_November_15_oyster35_1.raw,oyster35_1
CHOYP_PSA.1.1|m.27259,SENDLPEDSTWK,y4,68724,2017_November_15_oyster131_1.raw,131_1
CHOYP_PSA.1.1|m.27259,SENDLPEDSTWK,y4,80527,2017_November_15_oyster131_2.raw,131_2
CHOYP_PSA.1.1|m.27259,SENDLPEDSTWK,y4,37190,2017_November_15_oyster35_2.raw,35_2
CHOYP_PSA.1.1|m.27259,YFQIAYPLPK,y7,255739,2017_November_15_oyster35_1.raw,oyster35_1
CHOYP_PSA.1.1|m.27259,YFQIAYPLPK,y7,370605,2017_November_15_oyster131_1.raw,131_1
CHOYP_PSA.1.1|m.27259,YFQIAYPLPK,y7,505402,2017_November_15_oyster131_2.raw,131_2
CHOYP_PSA.1.1|m.27259,YFQIAYPLPK,y7,222025,2017_November_15_oyster35_2.raw,35_2
CHOYP_PSA.1.1|m.27259,YFQIAYPLPK,y6,298024,2017_November_15_oyster35_1.raw,oyster35_1
CHOYP_PSA.1.1|m.27259,YFQIAYPLPK,y6,409464,2017_November_15_oyster131_1.raw,131_1
CHOYP_PSA.1.1|m.27259,YFQIAYPLPK,y6,583485,2017_November_15_oyster131_2.raw,131_2
CHOYP_PSA.1.1|m.27259,YFQIAYPLPK,y6,279231,2017_November_15_oyster35_2.raw,35_2
CHOYP_PSA.1.1|m.27259,YFQIAYPLPK,y4,249311,2017_November_15_oyster35_1.raw,oyster35_1
CHOYP_PSA.1.1|m.27259,YFQIAYPLPK,y4,441200,2017_November_15_oyster131_1.raw,131_1
CHOYP_PSA.1.1|m.27259,YFQIAYPLPK,y4,589510,2017_November_15_oyster131_2.raw,131_2
CHOYP_PSA.1.1|m.27259,YFQIAYPLPK,y4,259731,2017_November_15_oyster35_2.raw,35_2
CHOYP_PSA.1.1|m.27259,AGMISTVDVLK,y7,1664562,2017_November_15_oyster35_1.raw,oyster35_1
CHOYP_PSA.1.1|m.27259,AGMISTVDVLK,y7,1401738,2017_November_15_oyster131_1.raw,131_1
CHOYP_PSA.1.1|m.27259,AGMISTVDVLK,y7,1728784,2017_November_15_oyster131_2.raw,131_2
CHOYP_PSA.1.1|m.27259,AGMISTVDVLK,y7,2147969,2017_November_15_oyster35_2.raw,35_2
CHOYP_PSA.1.1|m.27259,AGMISTVDVLK,y6,322329,2017_November_15_oyster35_1.raw,oyster35_1
CHOYP_PSA.1.1|m.27259,AGMISTVDVLK,y6,303079,2017_November_15_oyster131_1.raw,131_1
CHOYP_PSA.1.1|m.27259,AGMISTVDVLK,y6,380853,2017_November_15_oyster131_2.raw,131_2
CHOYP_PSA.1.1|m.27259,AGMISTVDVLK,y6,435303,2017_November_15_oyster35_2.raw,35_2
CHOYP_PSA.1.1|m.27259,AGMISTVDVLK,y3,91391,2017_November_15_oyster35_1.raw,oyster35_1
CHOYP_PSA.1.1|m.27259,AGMISTVDVLK,y3,68228,2017_November_15_oyster131_1.raw,131_1
CHOYP_PSA.1.1|m.27259,AGMISTVDVLK,y3,115445,2017_November_15_oyster131_2.raw,131_2
CHOYP_PSA.1.1|m.27259,AGMISTVDVLK,y3,122880,2017_November_15_oyster35_2.raw,35_2
PRTC peptides,LTILEELR,y7,5893858,2017_November_15_oyster35_1.raw,oyster35_1
PRTC peptides,LTILEELR,y7,14254264,2017_November_15_QC2.raw,QC2
PRTC peptides,LTILEELR,y7,3017823,2017_November_15_oyster131_1.raw,131_1
PRTC peptides,LTILEELR,y7,3613513,2017_November_15_oyster131_2.raw,131_2
PRTC peptides,LTILEELR,y7,5964190,2017_November_15_oyster35_2.raw,35_2
PRTC peptides,LTILEELR,y6,27307352,2017_November_15_oyster35_1.raw,oyster35_1
PRTC peptides,LTILEELR,y6,61798408,2017_November_15_QC2.raw,QC2
PRTC peptides,LTILEELR,y6,14021295,2017_November_15_oyster131_1.raw,131_1
PRTC peptides,LTILEELR,y6,16760180,2017_November_15_oyster131_2.raw,131_2
PRTC peptides,LTILEELR,y6,26822698,2017_November_15_oyster35_2.raw,35_2
PRTC peptides,LTILEELR,y5,25674816,2017_November_15_oyster35_1.raw,oyster35_1
PRTC peptides,LTILEELR,y5,59294008,2017_November_15_QC2.raw,QC2
PRTC peptides,LTILEELR,y5,13424634,2017_November_15_oyster131_1.raw,131_1
PRTC peptides,LTILEELR,y5,16302046,2017_November_15_oyster131_2.raw,131_2
PRTC peptides,LTILEELR,y5,25859830,2017_November_15_oyster35_2.raw,35_2
PRTC peptides,LTILEELR,y4,17297450,2017_November_15_oyster35_1.raw,oyster35_1
PRTC peptides,LTILEELR,y4,39861340,2017_November_15_QC2.raw,QC2
PRTC peptides,LTILEELR,y4,9148956,2017_November_15_oyster131_1.raw,131_1
PRTC peptides,LTILEELR,y4,11136864,2017_November_15_oyster131_2.raw,131_2
PRTC peptides,LTILEELR,y4,17809952,2017_November_15_oyster35_2.raw,35_2
PRTC peptides,GLILVGGYGTR,y8,14576894,2017_November_15_oyster35_1.raw,oyster35_1
PRTC peptides,GLILVGGYGTR,y8,45361588,2017_November_15_QC2.raw,QC2
PRTC peptides,GLILVGGYGTR,y8,11866055,2017_November_15_oyster131_1.raw,131_1
PRTC peptides,GLILVGGYGTR,y8,14925563,2017_November_15_oyster131_2.raw,131_2
PRTC peptides,GLILVGGYGTR,y8,18296636,2017_November_15_oyster35_2.raw,35_2
PRTC peptides,GLILVGGYGTR,y7,24942980,2017_November_15_oyster35_1.raw,oyster35_1
PRTC peptides,GLILVGGYGTR,y7,77027352,2017_November_15_QC2.raw,QC2
PRTC peptides,GLILVGGYGTR,y7,20705360,2017_November_15_oyster131_1.raw,131_1
PRTC peptides,GLILVGGYGTR,y7,25862240,2017_November_15_oyster131_2.raw,131_2
PRTC peptides,GLILVGGYGTR,y7,32236600,2017_November_15_oyster35_2.raw,35_2
PRTC peptides,GLILVGGYGTR,y6,40175968,2017_November_15_oyster35_1.raw,oyster35_1
PRTC peptides,GLILVGGYGTR,y6,122242408,2017_November_15_QC2.raw,QC2
PRTC peptides,GLILVGGYGTR,y6,33568252,2017_November_15_oyster131_1.raw,131_1
PRTC peptides,GLILVGGYGTR,y6,42467804,2017_November_15_oyster131_2.raw,131_2
PRTC peptides,GLILVGGYGTR,y6,52489128,2017_November_15_oyster35_2.raw,35_2
PRTC peptides,ELGQSGVDTYLQTK,y10,8402575,2017_November_15_oyster35_1.raw,oyster35_1
PRTC peptides,ELGQSGVDTYLQTK,y10,20054136,2017_November_15_QC2.raw,QC2
PRTC peptides,ELGQSGVDTYLQTK,y10,8019421,2017_November_15_oyster131_1.raw,131_1
PRTC peptides,ELGQSGVDTYLQTK,y10,8030120,2017_November_15_oyster131_2.raw,131_2
PRTC peptides,ELGQSGVDTYLQTK,y10,10937264,2017_November_15_oyster35_2.raw,35_2
PRTC peptides,ELGQSGVDTYLQTK,y9,6083416,2017_November_15_oyster35_1.raw,oyster35_1
PRTC peptides,ELGQSGVDTYLQTK,y9,14773454,2017_November_15_QC2.raw,QC2
PRTC peptides,ELGQSGVDTYLQTK,y9,6184758,2017_November_15_oyster131_1.raw,131_1
PRTC peptides,ELGQSGVDTYLQTK,y9,5936566,2017_November_15_oyster131_2.raw,131_2
PRTC peptides,ELGQSGVDTYLQTK,y9,8152865,2017_November_15_oyster35_2.raw,35_2
PRTC peptides,ELGQSGVDTYLQTK,y7,7286555,2017_November_15_oyster35_1.raw,oyster35_1
PRTC peptides,ELGQSGVDTYLQTK,y7,17540884,2017_November_15_QC2.raw,QC2
PRTC peptides,ELGQSGVDTYLQTK,y7,7517334,2017_November_15_oyster131_1.raw,131_1
PRTC peptides,ELGQSGVDTYLQTK,y7,7225657,2017_November_15_oyster131_2.raw,131_2
PRTC peptides,ELGQSGVDTYLQTK,y7,9946833,2017_November_15_oyster35_2.raw,35_2
PRTC peptides,ELGQSGVDTYLQTK,y6,2106851,2017_November_15_oyster35_1.raw,oyster35_1
PRTC peptides,ELGQSGVDTYLQTK,y6,5495819,2017_November_15_QC2.raw,QC2
PRTC peptides,ELGQSGVDTYLQTK,y6,2122948,2017_November_15_oyster131_1.raw,131_1
PRTC peptides,ELGQSGVDTYLQTK,y6,2166351,2017_November_15_oyster131_2.raw,131_2
PRTC peptides,ELGQSGVDTYLQTK,y6,2871756,2017_November_15_oyster35_2.raw,35_2
PRTC peptides,SAAGAFGPELSR,y10,4593946,2017_November_15_oyster35_1.raw,oyster35_1
PRTC peptides,SAAGAFGPELSR,y10,13524737,2017_November_15_QC2.raw,QC2
PRTC peptides,SAAGAFGPELSR,y10,3979191,2017_November_15_oyster131_1.raw,131_1
PRTC peptides,SAAGAFGPELSR,y10,4731995,2017_November_15_oyster131_2.raw,131_2
PRTC peptides,SAAGAFGPELSR,y10,5820410,2017_November_15_oyster35_2.raw,35_2
PRTC peptides,SAAGAFGPELSR,y9,11471656,2017_November_15_oyster35_1.raw,oyster35_1
PRTC peptides,SAAGAFGPELSR,y9,32684842,2017_November_15_QC2.raw,QC2
PRTC peptides,SAAGAFGPELSR,y9,9941198,2017_November_15_oyster131_1.raw,131_1
PRTC peptides,SAAGAFGPELSR,y9,11649490,2017_November_15_oyster131_2.raw,131_2
PRTC peptides,SAAGAFGPELSR,y9,14389945,2017_November_15_oyster35_2.raw,35_2
PRTC peptides,SAAGAFGPELSR,y7,31755114,2017_November_15_oyster35_1.raw,oyster35_1
PRTC peptides,SAAGAFGPELSR,y7,84628464,2017_November_15_QC2.raw,QC2
PRTC peptides,SAAGAFGPELSR,y7,27040790,2017_November_15_oyster131_1.raw,131_1
PRTC peptides,SAAGAFGPELSR,y7,31586716,2017_November_15_oyster131_2.raw,131_2
PRTC peptides,SAAGAFGPELSR,y7,39880724,2017_November_15_oyster35_2.raw,35_2
PRTC peptides,SAAGAFGPELSR,y6,35958512,2017_November_15_oyster35_1.raw,oyster35_1
PRTC peptides,SAAGAFGPELSR,y6,94918552,2017_November_15_QC2.raw,QC2
PRTC peptides,SAAGAFGPELSR,y6,30737518,2017_November_15_oyster131_1.raw,131_1
PRTC peptides,SAAGAFGPELSR,y6,36551528,2017_November_15_oyster131_2.raw,131_2
PRTC peptides,SAAGAFGPELSR,y6,45464476,2017_November_15_oyster35_2.raw,35_2
PRTC peptides,TASEFDSAIAQDK,y11,5751911,2017_November_15_oyster35_1.raw,oyster35_1
PRTC peptides,TASEFDSAIAQDK,y11,14701155,2017_November_15_QC2.raw,QC2
PRTC peptides,TASEFDSAIAQDK,y11,#N/A,2017_November_15_oyster131_1.raw,131_1
PRTC peptides,TASEFDSAIAQDK,y11,#N/A,2017_November_15_oyster131_2.raw,131_2
PRTC peptides,TASEFDSAIAQDK,y11,#N/A,2017_November_15_oyster35_2.raw,35_2
PRTC peptides,TASEFDSAIAQDK,y9,7432202,2017_November_15_oyster35_1.raw,oyster35_1
PRTC peptides,TASEFDSAIAQDK,y9,19993140,2017_November_15_QC2.raw,QC2
PRTC peptides,TASEFDSAIAQDK,y9,67775,2017_November_15_oyster131_1.raw,131_1
PRTC peptides,TASEFDSAIAQDK,y9,95004,2017_November_15_oyster131_2.raw,131_2
PRTC peptides,TASEFDSAIAQDK,y9,#N/A,2017_November_15_oyster35_2.raw,35_2
PRTC peptides,TASEFDSAIAQDK,y8,5876140,2017_November_15_oyster35_1.raw,oyster35_1
PRTC peptides,TASEFDSAIAQDK,y8,16020407,2017_November_15_QC2.raw,QC2
PRTC peptides,TASEFDSAIAQDK,y8,23620,2017_November_15_oyster131_1.raw,131_1
PRTC peptides,TASEFDSAIAQDK,y8,24106,2017_November_15_oyster131_2.raw,131_2
PRTC peptides,TASEFDSAIAQDK,y8,9695,2017_November_15_oyster35_2.raw,35_2
PRTC peptides,TASEFDSAIAQDK,y7,3597657,2017_November_15_oyster35_1.raw,oyster35_1
PRTC peptides,TASEFDSAIAQDK,y7,9988687,2017_November_15_QC2.raw,QC2
PRTC peptides,TASEFDSAIAQDK,y7,#N/A,2017_November_15_oyster131_1.raw,131_1
PRTC peptides,TASEFDSAIAQDK,y7,21057,2017_November_15_oyster131_2.raw,131_2
PRTC peptides,TASEFDSAIAQDK,y7,49053,2017_November_15_oyster35_2.raw,35_2
PRTC peptides,IGDYAGIK,y7,73250400,2017_November_15_oyster35_1.raw,oyster35_1
PRTC peptides,IGDYAGIK,y7,178447232,2017_November_15_QC2.raw,QC2
PRTC peptides,IGDYAGIK,y7,64490692,2017_November_15_oyster131_1.raw,131_1
PRTC peptides,IGDYAGIK,y7,65931844,2017_November_15_oyster131_2.raw,131_2
PRTC peptides,IGDYAGIK,y7,85206104,2017_November_15_oyster35_2.raw,35_2
PRTC peptides,IGDYAGIK,y6,18457964,2017_November_15_oyster35_1.raw,oyster35_1
PRTC peptides,IGDYAGIK,y6,45616992,2017_November_15_QC2.raw,QC2
PRTC peptides,IGDYAGIK,y6,16008260,2017_November_15_oyster131_1.raw,131_1
PRTC peptides,IGDYAGIK,y6,16529501,2017_November_15_oyster131_2.raw,131_2
PRTC peptides,IGDYAGIK,y6,21954240,2017_November_15_oyster35_2.raw,35_2
PRTC peptides,IGDYAGIK,y5,8318130,2017_November_15_oyster35_1.raw,oyster35_1
PRTC peptides,IGDYAGIK,y5,19584738,2017_November_15_QC2.raw,QC2
PRTC peptides,IGDYAGIK,y5,7648279,2017_November_15_oyster131_1.raw,131_1
PRTC peptides,IGDYAGIK,y5,8074514,2017_November_15_oyster131_2.raw,131_2
PRTC peptides,IGDYAGIK,y5,9884209,2017_November_15_oyster35_2.raw,35_2
PRTC peptides,IGDYAGIK,y3,3615970,2017_November_15_oyster35_1.raw,oyster35_1
PRTC peptides,IGDYAGIK,y3,7626564,2017_November_15_QC2.raw,QC2
PRTC peptides,IGDYAGIK,y3,3319632,2017_November_15_oyster131_1.raw,131_1
PRTC peptides,IGDYAGIK,y3,3675511,2017_November_15_oyster131_2.raw,131_2
PRTC peptides,IGDYAGIK,y3,4306357,2017_November_15_oyster35_2.raw,35_2
PRTC peptides,DIPVPKPK,y5,1448405,2017_November_15_oyster35_1.raw,oyster35_1
PRTC peptides,DIPVPKPK,y5,2537223,2017_November_15_QC2.raw,QC2
PRTC peptides,DIPVPKPK,y5,1434213,2017_November_15_oyster131_1.raw,131_1
PRTC peptides,DIPVPKPK,y5,1279325,2017_November_15_oyster131_2.raw,131_2
PRTC peptides,DIPVPKPK,y5,1353650,2017_November_15_oyster35_2.raw,35_2
PRTC peptides,DIPVPKPK,y4,27502248,2017_November_15_oyster35_1.raw,oyster35_1
PRTC peptides,DIPVPKPK,y4,50182336,2017_November_15_QC2.raw,QC2
PRTC peptides,DIPVPKPK,y4,28993750,2017_November_15_oyster131_1.raw,131_1
PRTC peptides,DIPVPKPK,y4,26183518,2017_November_15_oyster131_2.raw,131_2
PRTC peptides,DIPVPKPK,y4,26219602,2017_November_15_oyster35_2.raw,35_2
PRTC peptides,DIPVPKPK,y6,50188920,2017_November_15_oyster35_1.raw,oyster35_1
PRTC peptides,DIPVPKPK,y6,92663912,2017_November_15_QC2.raw,QC2
PRTC peptides,DIPVPKPK,y6,48214712,2017_November_15_oyster131_1.raw,131_1
PRTC peptides,DIPVPKPK,y6,45130188,2017_November_15_oyster131_2.raw,131_2
PRTC peptides,DIPVPKPK,y6,48515792,2017_November_15_oyster35_2.raw,35_2
PRTC peptides,HVLTSIGEK,y8,7973330,2017_November_15_oyster35_1.raw,oyster35_1
PRTC peptides,HVLTSIGEK,y8,17711294,2017_November_15_QC2.raw,QC2
PRTC peptides,HVLTSIGEK,y8,7562451,2017_November_15_oyster131_1.raw,131_1
PRTC peptides,HVLTSIGEK,y8,7868632,2017_November_15_oyster131_2.raw,131_2
PRTC peptides,HVLTSIGEK,y8,9502303,2017_November_15_oyster35_2.raw,35_2
PRTC peptides,HVLTSIGEK,y7,28199016,2017_November_15_oyster35_1.raw,oyster35_1
PRTC peptides,HVLTSIGEK,y7,60053512,2017_November_15_QC2.raw,QC2
PRTC peptides,HVLTSIGEK,y7,26560128,2017_November_15_oyster131_1.raw,131_1
PRTC peptides,HVLTSIGEK,y7,27328622,2017_November_15_oyster131_2.raw,131_2
PRTC peptides,HVLTSIGEK,y7,33397484,2017_November_15_oyster35_2.raw,35_2
PRTC peptides,HVLTSIGEK,y6,4116432,2017_November_15_oyster35_1.raw,oyster35_1
PRTC peptides,HVLTSIGEK,y6,8727274,2017_November_15_QC2.raw,QC2
PRTC peptides,HVLTSIGEK,y6,3820070,2017_November_15_oyster131_1.raw,131_1
PRTC peptides,HVLTSIGEK,y6,3937014,2017_November_15_oyster131_2.raw,131_2
PRTC peptides,HVLTSIGEK,y6,4830528,2017_November_15_oyster35_2.raw,35_2
PRTC peptides,HVLTSIGEK,y5,2046467,2017_November_15_oyster35_1.raw,oyster35_1
PRTC peptides,HVLTSIGEK,y5,4222898,2017_November_15_QC2.raw,QC2
PRTC peptides,HVLTSIGEK,y5,2038239,2017_November_15_oyster131_1.raw,131_1
PRTC peptides,HVLTSIGEK,y5,2117449,2017_November_15_oyster131_2.raw,131_2
PRTC peptides,HVLTSIGEK,y5,2304449,2017_November_15_oyster35_2.raw,35_2
PRTC peptides,GISNEGQNASIK,y10,8491906,2017_November_15_oyster35_1.raw,oyster35_1
PRTC peptides,GISNEGQNASIK,y10,20250542,2017_November_15_QC2.raw,QC2
PRTC peptides,GISNEGQNASIK,y10,7381156,2017_November_15_oyster131_1.raw,131_1
PRTC peptides,GISNEGQNASIK,y10,7216699,2017_November_15_oyster131_2.raw,131_2
PRTC peptides,GISNEGQNASIK,y10,9253296,2017_November_15_oyster35_2.raw,35_2
PRTC peptides,GISNEGQNASIK,y9,3483622,2017_November_15_oyster35_1.raw,oyster35_1
PRTC peptides,GISNEGQNASIK,y9,8480629,2017_November_15_QC2.raw,QC2
PRTC peptides,GISNEGQNASIK,y9,3075227,2017_November_15_oyster131_1.raw,131_1
PRTC peptides,GISNEGQNASIK,y9,2979630,2017_November_15_oyster131_2.raw,131_2
PRTC peptides,GISNEGQNASIK,y9,3903463,2017_November_15_oyster35_2.raw,35_2
PRTC peptides,GISNEGQNASIK,y8,6743385,2017_November_15_oyster35_1.raw,oyster35_1
PRTC peptides,GISNEGQNASIK,y8,16480407,2017_November_15_QC2.raw,QC2
PRTC peptides,GISNEGQNASIK,y8,6155327,2017_November_15_oyster131_1.raw,131_1
PRTC peptides,GISNEGQNASIK,y8,5969376,2017_November_15_oyster131_2.raw,131_2
PRTC peptides,GISNEGQNASIK,y8,7559024,2017_November_15_oyster35_2.raw,35_2
PRTC peptides,GISNEGQNASIK,y7,17506894,2017_November_15_oyster35_1.raw,oyster35_1
PRTC peptides,GISNEGQNASIK,y7,41441952,2017_November_15_QC2.raw,QC2
PRTC peptides,GISNEGQNASIK,y7,15990630,2017_November_15_oyster131_1.raw,131_1
PRTC peptides,GISNEGQNASIK,y7,15654974,2017_November_15_oyster131_2.raw,131_2
PRTC peptides,GISNEGQNASIK,y7,19701604,2017_November_15_oyster35_2.raw,35_2
PRTC peptides,SSAAPPPPPR,y5,15646070,2017_November_15_oyster35_1.raw,oyster35_1
PRTC peptides,SSAAPPPPPR,y5,38266688,2017_November_15_QC2.raw,QC2
PRTC peptides,SSAAPPPPPR,y5,16671963,2017_November_15_oyster131_1.raw,131_1
PRTC peptides,SSAAPPPPPR,y5,17021088,2017_November_15_oyster131_2.raw,131_2
PRTC peptides,SSAAPPPPPR,y5,18583556,2017_November_15_oyster35_2.raw,35_2
PRTC peptides,SSAAPPPPPR,y4,11443240,2017_November_15_oyster35_1.raw,oyster35_1
PRTC peptides,SSAAPPPPPR,y4,25263270,2017_November_15_QC2.raw,QC2
PRTC peptides,SSAAPPPPPR,y4,12522165,2017_November_15_oyster131_1.raw,131_1
PRTC peptides,SSAAPPPPPR,y4,12989668,2017_November_15_oyster131_2.raw,131_2
PRTC peptides,SSAAPPPPPR,y4,13248975,2017_November_15_oyster35_2.raw,35_2
PRTC peptides,SSAAPPPPPR,y6,108639832,2017_November_15_oyster35_1.raw,oyster35_1
PRTC peptides,SSAAPPPPPR,y6,272479072,2017_November_15_QC2.raw,QC2
PRTC peptides,SSAAPPPPPR,y6,108117312,2017_November_15_oyster131_1.raw,131_1
PRTC peptides,SSAAPPPPPR,y6,109962888,2017_November_15_oyster131_2.raw,131_2
PRTC peptides,SSAAPPPPPR,y6,127886736,2017_November_15_oyster35_2.raw,35_2
