"","peptide","site","averageNormalizedAbundance"
"1","CHOYP_ACAA2.1.1.m.30666.ELGLNNDITNMNGGAIALGHPLAASGTR","CI",0.0020328897314821
"2","CHOYP_ACAA2.1.1.m.30666.ITGHLAHELQR","CI",0.00258546191503408
"3","CHOYP_ACAA2.1.1.m.30666.QYNLTPLAR","CI",0.0118070560624496
"4","CHOYP_BRAFLDRAFT_119799.1.1.m.23765.VNSGELFGK","CI",0.0430725012768993
"5","CHOYP_BRAFLDRAFT_119799.1.1.m.23765.VPAVDLFEK","CI",0.0499547346686429
"6","CHOYP_BRAFLDRAFT_122807.1.1.m.3729.DAIQDYIGSLNWGYR","CI",0.00411396781366354
"7","CHOYP_BRAFLDRAFT_122807.1.1.m.3729.IGDYMEVEGVK","CI",0.00646260842601521
"8","CHOYP_BRAFLDRAFT_122807.1.1.m.3729.VIGLHVLGPNAGEITQGYAVAMR","CI",0.00519616636729337
"9","CHOYP_BRAFLDRAFT_275870.1.1.m.12895.GMPEMVSGEDK","CI",0.00592758699222204
"10","CHOYP_BRAFLDRAFT_275870.1.1.m.12895.TGFLQLDEK","CI",0.0163443284203645
"11","CHOYP_CAH2.1.1.m.42306.IQEAGSSVK","CI",0.0458075071029506
"12","CHOYP_CAH2.1.1.m.42306.NAEVSNTGSSIK","CI",0.148268037333252
"13","CHOYP_CAH2.1.1.m.42306.QSPIDISTK","CI",0.10420579819695
"14","CHOYP_CATA.1.3.m.11120.IQIMTPEQAEK","CI",0.031810513952548
"15","CHOYP_CATA.1.3.m.11120.LQAHLDSVSNVSK","CI",0.00384514801109363
"16","CHOYP_CATA.1.3.m.11120.LVENIGNHLINTQK","CI",0.00290153632736901
"17","CHOYP_CATA.3.3.m.21642.TDQGIQNLSAAEANR","CI",0.0247548180255569
"18","CHOYP_G6PD.2.2.m.46923.SDELYEAWR","CI",0.00993764485263698
"19","CHOYP_G6PD.2.2.m.46923.TYFIGYAR","CI",0.0214798918439407
"20","CHOYP_HS12A.25.33.m.60352.APTTLLLEPDGK","CI",0.0166420994834233
"21","CHOYP_HS12A.25.33.m.60352.GIAEAISSSK","CI",0.0158693551507425
"22","CHOYP_LOC100633041.1.1.m.35428.AVVEAANNFGR","CI",0.0434101392683644
"23","CHOYP_LOC100633041.1.1.m.35428.SLTNVILGGYGTK","CI",0.0151260567638603
"24","CHOYP_LOC100883864.1.1.m.41791.DYYLSLAHTVR","CI",0.00731855349930955
"25","CHOYP_LOC100883864.1.1.m.41791.IEDGWQVEEPDEWLR","CI",0.00542471280304061
"26","CHOYP_LOC100883864.1.1.m.41791.VLYPNDNFFSGK","CI",0.0268960537675156
"27","CHOYP_MRP1.5.10.m.34368.DSTVLTIAHR","CI",0.00424951300296798
"28","CHOYP_MRP1.5.10.m.34368.LYAWEPSFQDK","CI",0.00328347673285484
"29","CHOYP_PDIA1.1.1.m.5297.GSQQVVDYNGER","CI",0.058839600719123
"30","CHOYP_PDIA1.1.1.m.5297.LITLGEDMTK","CI",0.0952327051334461
"31","CHOYP_PDIA1.1.1.m.5297.TSPEIVNWLR","CI",0.117815360429547
"32","CHOYP_PDIA3.1.1.m.60223.AGEFSEEYGGPR","CI",0.0573297611227175
"33","CHOYP_PDIA3.1.1.m.60223.IFFAVSNSK","CI",0.0712154448582018
"34","CHOYP_PDIA3.1.1.m.60223.VADAMSTDLK","CI",0.0479386164265205
"35","CHOYP_PSA.1.1.m.27259.AGMISTVDVLK","CI",0.027133126530089
"36","CHOYP_PSA.1.1.m.27259.SENDLPEDSTWK","CI",0.0148477599858552
"37","CHOYP_PSA.1.1.m.27259.YFQIAYPLPK","CI",0.0182043045511576
"38","CHOYP_ACAA2.1.1.m.30666.ELGLNNDITNMNGGAIALGHPLAASGTR","FB",0.00238634340524427
"39","CHOYP_ACAA2.1.1.m.30666.ITGHLAHELQR","FB",0.00229956061236913
"40","CHOYP_ACAA2.1.1.m.30666.QYNLTPLAR","FB",0.0162102978338993
"41","CHOYP_BRAFLDRAFT_119799.1.1.m.23765.VNSGELFGK","FB",0.0383353051210662
"42","CHOYP_BRAFLDRAFT_119799.1.1.m.23765.VPAVDLFEK","FB",0.0523386733755631
"43","CHOYP_BRAFLDRAFT_122807.1.1.m.3729.DAIQDYIGSLNWGYR","FB",0.00234128209081278
"44","CHOYP_BRAFLDRAFT_122807.1.1.m.3729.IGDYMEVEGVK","FB",0.0060383515446575
"45","CHOYP_BRAFLDRAFT_122807.1.1.m.3729.VIGLHVLGPNAGEITQGYAVAMR","FB",0.00432630207565059
"46","CHOYP_BRAFLDRAFT_275870.1.1.m.12895.GMPEMVSGEDK","FB",0.00362790802263355
"47","CHOYP_BRAFLDRAFT_275870.1.1.m.12895.TGFLQLDEK","FB",0.0122286025288676
"48","CHOYP_CAH2.1.1.m.42306.IQEAGSSVK","FB",0.0540909475907456
"49","CHOYP_CAH2.1.1.m.42306.NAEVSNTGSSIK","FB",0.186662020115474
"50","CHOYP_CAH2.1.1.m.42306.QSPIDISTK","FB",0.136463960905935
"51","CHOYP_CATA.1.3.m.11120.IQIMTPEQAEK","FB",0.0316253203392008
"52","CHOYP_CATA.1.3.m.11120.LQAHLDSVSNVSK","FB",0.00318683831978232
"53","CHOYP_CATA.1.3.m.11120.LVENIGNHLINTQK","FB",0.0026263465683529
"54","CHOYP_CATA.3.3.m.21642.TDQGIQNLSAAEANR","FB",0.0226138503759297
"55","CHOYP_G6PD.2.2.m.46923.SDELYEAWR","FB",0.0101348584059571
"56","CHOYP_G6PD.2.2.m.46923.TYFIGYAR","FB",0.0181796817670558
"57","CHOYP_HS12A.25.33.m.60352.APTTLLLEPDGK","FB",0.0112963370680646
"58","CHOYP_HS12A.25.33.m.60352.GIAEAISSSK","FB",0.0159387332456404
"59","CHOYP_LOC100633041.1.1.m.35428.AVVEAANNFGR","FB",0.0505562596984712
"60","CHOYP_LOC100633041.1.1.m.35428.SLTNVILGGYGTK","FB",0.0157652035073282
"61","CHOYP_LOC100883864.1.1.m.41791.DYYLSLAHTVR","FB",0.00516313078085205
"62","CHOYP_LOC100883864.1.1.m.41791.IEDGWQVEEPDEWLR","FB",0.00412125780785098
"63","CHOYP_LOC100883864.1.1.m.41791.VLYPNDNFFSGK","FB",0.022016869798479
"64","CHOYP_MRP1.5.10.m.34368.DSTVLTIAHR","FB",0.00283292160886529
"65","CHOYP_MRP1.5.10.m.34368.LYAWEPSFQDK","FB",0.00235824246924881
"66","CHOYP_PDIA1.1.1.m.5297.GSQQVVDYNGER","FB",0.0658623757603267
"67","CHOYP_PDIA1.1.1.m.5297.LITLGEDMTK","FB",0.1025944303904
"68","CHOYP_PDIA1.1.1.m.5297.TSPEIVNWLR","FB",0.121586215550906
"69","CHOYP_PDIA3.1.1.m.60223.AGEFSEEYGGPR","FB",0.0587462141406423
"70","CHOYP_PDIA3.1.1.m.60223.IFFAVSNSK","FB",0.0595086936340464
"71","CHOYP_PDIA3.1.1.m.60223.VADAMSTDLK","FB",0.0455761737949681
"72","CHOYP_PSA.1.1.m.27259.AGMISTVDVLK","FB",0.0269811969393981
"73","CHOYP_PSA.1.1.m.27259.SENDLPEDSTWK","FB",0.013618624641459
"74","CHOYP_PSA.1.1.m.27259.YFQIAYPLPK","FB",0.0149253584938286
"75","CHOYP_ACAA2.1.1.m.30666.ELGLNNDITNMNGGAIALGHPLAASGTR","PG",0.00226873709614129
"76","CHOYP_ACAA2.1.1.m.30666.ITGHLAHELQR","PG",0.00240261245026406
"77","CHOYP_ACAA2.1.1.m.30666.QYNLTPLAR","PG",0.0138683077989108
"78","CHOYP_BRAFLDRAFT_119799.1.1.m.23765.VNSGELFGK","PG",0.0405827013587736
"79","CHOYP_BRAFLDRAFT_119799.1.1.m.23765.VPAVDLFEK","PG",0.0446893201847141
"80","CHOYP_BRAFLDRAFT_122807.1.1.m.3729.DAIQDYIGSLNWGYR","PG",0.00359832674795347
"81","CHOYP_BRAFLDRAFT_122807.1.1.m.3729.IGDYMEVEGVK","PG",0.00606177540641713
"82","CHOYP_BRAFLDRAFT_122807.1.1.m.3729.VIGLHVLGPNAGEITQGYAVAMR","PG",0.00507518553542654
"83","CHOYP_BRAFLDRAFT_275870.1.1.m.12895.GMPEMVSGEDK","PG",0.00439286239669868
"84","CHOYP_BRAFLDRAFT_275870.1.1.m.12895.TGFLQLDEK","PG",0.0125346492652188
"85","CHOYP_CAH2.1.1.m.42306.IQEAGSSVK","PG",0.0495931855599678
"86","CHOYP_CAH2.1.1.m.42306.NAEVSNTGSSIK","PG",0.178835451919949
"87","CHOYP_CAH2.1.1.m.42306.QSPIDISTK","PG",0.125435115769959
"88","CHOYP_CATA.1.3.m.11120.IQIMTPEQAEK","PG",0.0281311170670096
"89","CHOYP_CATA.1.3.m.11120.LQAHLDSVSNVSK","PG",0.00278929036816575
"90","CHOYP_CATA.1.3.m.11120.LVENIGNHLINTQK","PG",0.0022187204770031
"91","CHOYP_CATA.3.3.m.21642.TDQGIQNLSAAEANR","PG",0.0199431744796373
"92","CHOYP_G6PD.2.2.m.46923.SDELYEAWR","PG",0.0078813771333714
"93","CHOYP_G6PD.2.2.m.46923.TYFIGYAR","PG",0.0173863312100542
"94","CHOYP_HS12A.25.33.m.60352.APTTLLLEPDGK","PG",0.0113017236558305
"95","CHOYP_HS12A.25.33.m.60352.GIAEAISSSK","PG",0.0143298415172234
"96","CHOYP_LOC100633041.1.1.m.35428.AVVEAANNFGR","PG",0.0446424099128623
"97","CHOYP_LOC100633041.1.1.m.35428.SLTNVILGGYGTK","PG",0.0139810603763867
"98","CHOYP_LOC100883864.1.1.m.41791.DYYLSLAHTVR","PG",0.00572130906374193
"99","CHOYP_LOC100883864.1.1.m.41791.IEDGWQVEEPDEWLR","PG",0.00520363079078939
"100","CHOYP_LOC100883864.1.1.m.41791.VLYPNDNFFSGK","PG",0.0247080142969551
"101","CHOYP_MRP1.5.10.m.34368.DSTVLTIAHR","PG",0.00431120313991057
"102","CHOYP_MRP1.5.10.m.34368.LYAWEPSFQDK","PG",0.00305803296772202
"103","CHOYP_PDIA1.1.1.m.5297.GSQQVVDYNGER","PG",0.0526512616464862
"104","CHOYP_PDIA1.1.1.m.5297.LITLGEDMTK","PG",0.0933309498392465
"105","CHOYP_PDIA1.1.1.m.5297.TSPEIVNWLR","PG",0.119235728994717
"106","CHOYP_PDIA3.1.1.m.60223.AGEFSEEYGGPR","PG",0.0592370163413192
"107","CHOYP_PDIA3.1.1.m.60223.IFFAVSNSK","PG",0.0599106330175005
"108","CHOYP_PDIA3.1.1.m.60223.VADAMSTDLK","PG",0.0487479999800513
"109","CHOYP_PSA.1.1.m.27259.AGMISTVDVLK","PG",0.0242657764127238
"110","CHOYP_PSA.1.1.m.27259.SENDLPEDSTWK","PG",0.0139636795598907
"111","CHOYP_PSA.1.1.m.27259.YFQIAYPLPK","PG",0.015328977494868
"112","CHOYP_ACAA2.1.1.m.30666.ELGLNNDITNMNGGAIALGHPLAASGTR","SK",0.00216358936215108
"113","CHOYP_ACAA2.1.1.m.30666.ITGHLAHELQR","SK",0.00275277378228027
"114","CHOYP_ACAA2.1.1.m.30666.QYNLTPLAR","SK",0.0145342908656755
"115","CHOYP_BRAFLDRAFT_119799.1.1.m.23765.VNSGELFGK","SK",0.0470078522149409
"116","CHOYP_BRAFLDRAFT_119799.1.1.m.23765.VPAVDLFEK","SK",0.03931326342717
"117","CHOYP_BRAFLDRAFT_122807.1.1.m.3729.DAIQDYIGSLNWGYR","SK",0.00367468574461779
"118","CHOYP_BRAFLDRAFT_122807.1.1.m.3729.IGDYMEVEGVK","SK",0.00643526616689534
"119","CHOYP_BRAFLDRAFT_122807.1.1.m.3729.VIGLHVLGPNAGEITQGYAVAMR","SK",0.00518456170829255
"120","CHOYP_BRAFLDRAFT_275870.1.1.m.12895.GMPEMVSGEDK","SK",0.00503868017212739
"121","CHOYP_BRAFLDRAFT_275870.1.1.m.12895.TGFLQLDEK","SK",0.0142453511396785
"122","CHOYP_CAH2.1.1.m.42306.IQEAGSSVK","SK",0.0441976633999255
"123","CHOYP_CAH2.1.1.m.42306.NAEVSNTGSSIK","SK",0.129083477259245
"124","CHOYP_CAH2.1.1.m.42306.QSPIDISTK","SK",0.0886680262310306
"125","CHOYP_CATA.1.3.m.11120.IQIMTPEQAEK","SK",0.0339213807993449
"126","CHOYP_CATA.1.3.m.11120.LQAHLDSVSNVSK","SK",0.0043275619843223
"127","CHOYP_CATA.1.3.m.11120.LVENIGNHLINTQK","SK",0.00295710811799186
"128","CHOYP_CATA.3.3.m.21642.TDQGIQNLSAAEANR","SK",0.0266938439550734
"129","CHOYP_G6PD.2.2.m.46923.SDELYEAWR","SK",0.00880592757263045
"130","CHOYP_G6PD.2.2.m.46923.TYFIGYAR","SK",0.0200802068423902
"131","CHOYP_HS12A.25.33.m.60352.APTTLLLEPDGK","SK",0.016012146700205
"132","CHOYP_HS12A.25.33.m.60352.GIAEAISSSK","SK",0.0175060700155239
"133","CHOYP_LOC100633041.1.1.m.35428.AVVEAANNFGR","SK",0.0557376797693776
"134","CHOYP_LOC100633041.1.1.m.35428.SLTNVILGGYGTK","SK",0.0171328101335233
"135","CHOYP_LOC100883864.1.1.m.41791.DYYLSLAHTVR","SK",0.00564346292795588
"136","CHOYP_LOC100883864.1.1.m.41791.IEDGWQVEEPDEWLR","SK",0.00443108815054568
"137","CHOYP_LOC100883864.1.1.m.41791.VLYPNDNFFSGK","SK",0.0236279848903887
"138","CHOYP_MRP1.5.10.m.34368.DSTVLTIAHR","SK",0.00446496666501274
"139","CHOYP_MRP1.5.10.m.34368.LYAWEPSFQDK","SK",0.00311532370321761
"140","CHOYP_PDIA1.1.1.m.5297.GSQQVVDYNGER","SK",0.0475173154280644
"141","CHOYP_PDIA1.1.1.m.5297.LITLGEDMTK","SK",0.0949153779016697
"142","CHOYP_PDIA1.1.1.m.5297.TSPEIVNWLR","SK",0.102714394787421
"143","CHOYP_PDIA3.1.1.m.60223.AGEFSEEYGGPR","SK",0.0503473735131412
"144","CHOYP_PDIA3.1.1.m.60223.IFFAVSNSK","SK",0.0615165677106945
"145","CHOYP_PDIA3.1.1.m.60223.VADAMSTDLK","SK",0.0498951924006536
"146","CHOYP_PSA.1.1.m.27259.AGMISTVDVLK","SK",0.025297265740447
"147","CHOYP_PSA.1.1.m.27259.SENDLPEDSTWK","SK",0.013335274576659
"148","CHOYP_PSA.1.1.m.27259.YFQIAYPLPK","SK",0.0155247867331675
"149","CHOYP_ACAA2.1.1.m.30666.ELGLNNDITNMNGGAIALGHPLAASGTR","WB",0.00300207698029297
"150","CHOYP_ACAA2.1.1.m.30666.ITGHLAHELQR","WB",0.00379045860701065
"151","CHOYP_ACAA2.1.1.m.30666.QYNLTPLAR","WB",0.0184084690453785
"152","CHOYP_BRAFLDRAFT_119799.1.1.m.23765.VNSGELFGK","WB",0.0646332550273897
"153","CHOYP_BRAFLDRAFT_119799.1.1.m.23765.VPAVDLFEK","WB",0.0672621277051178
"154","CHOYP_BRAFLDRAFT_122807.1.1.m.3729.DAIQDYIGSLNWGYR","WB",0.00618275717967004
"155","CHOYP_BRAFLDRAFT_122807.1.1.m.3729.IGDYMEVEGVK","WB",0.00970593362095413
"156","CHOYP_BRAFLDRAFT_122807.1.1.m.3729.VIGLHVLGPNAGEITQGYAVAMR","WB",0.00820329142439933
"157","CHOYP_BRAFLDRAFT_275870.1.1.m.12895.GMPEMVSGEDK","WB",0.00774855595987141
"158","CHOYP_BRAFLDRAFT_275870.1.1.m.12895.TGFLQLDEK","WB",0.0192572831956532
"159","CHOYP_CAH2.1.1.m.42306.IQEAGSSVK","WB",0.0531950530558558
"160","CHOYP_CAH2.1.1.m.42306.NAEVSNTGSSIK","WB",0.192935113867779
"161","CHOYP_CAH2.1.1.m.42306.QSPIDISTK","WB",0.140505441207182
"162","CHOYP_CATA.1.3.m.11120.IQIMTPEQAEK","WB",0.0515443848177859
"163","CHOYP_CATA.1.3.m.11120.LQAHLDSVSNVSK","WB",0.00528548956370717
"164","CHOYP_CATA.1.3.m.11120.LVENIGNHLINTQK","WB",0.00410654913418022
"165","CHOYP_CATA.3.3.m.21642.TDQGIQNLSAAEANR","WB",0.0349897459571828
"166","CHOYP_G6PD.2.2.m.46923.SDELYEAWR","WB",0.0157609803976565
"167","CHOYP_G6PD.2.2.m.46923.TYFIGYAR","WB",0.0369028911583314
"168","CHOYP_HS12A.25.33.m.60352.APTTLLLEPDGK","WB",0.0239083302214573
"169","CHOYP_HS12A.25.33.m.60352.GIAEAISSSK","WB",0.0247390310980513
"170","CHOYP_LOC100633041.1.1.m.35428.AVVEAANNFGR","WB",0.0807108250346295
"171","CHOYP_LOC100633041.1.1.m.35428.SLTNVILGGYGTK","WB",0.0213169517553792
"172","CHOYP_LOC100883864.1.1.m.41791.DYYLSLAHTVR","WB",0.0100949595787521
"173","CHOYP_LOC100883864.1.1.m.41791.IEDGWQVEEPDEWLR","WB",0.00761875125926678
"174","CHOYP_LOC100883864.1.1.m.41791.VLYPNDNFFSGK","WB",0.0395923902600942
"175","CHOYP_MRP1.5.10.m.34368.DSTVLTIAHR","WB",0.00575163452357275
"176","CHOYP_MRP1.5.10.m.34368.LYAWEPSFQDK","WB",0.00307457701834906
"177","CHOYP_PDIA1.1.1.m.5297.GSQQVVDYNGER","WB",0.0563060985765575
"178","CHOYP_PDIA1.1.1.m.5297.LITLGEDMTK","WB",0.13220924591832
"179","CHOYP_PDIA1.1.1.m.5297.TSPEIVNWLR","WB",0.139653861794896
"180","CHOYP_PDIA3.1.1.m.60223.AGEFSEEYGGPR","WB",0.0741345279233503
"181","CHOYP_PDIA3.1.1.m.60223.IFFAVSNSK","WB",0.0807494929307214
"182","CHOYP_PDIA3.1.1.m.60223.VADAMSTDLK","WB",0.0691924049103513
"183","CHOYP_PSA.1.1.m.27259.AGMISTVDVLK","WB",0.0379664487027339
"184","CHOYP_PSA.1.1.m.27259.SENDLPEDSTWK","WB",0.018476065124415
"185","CHOYP_PSA.1.1.m.27259.YFQIAYPLPK","WB",0.021982229958918
